--
-- PostgreSQL database dump
--

-- Dumped from database version 17.2
-- Dumped by pg_dump version 17.2

SET statement_timeout = 0;
SET lock_timeout = 0;
SET idle_in_transaction_session_timeout = 0;
SET transaction_timeout = 0;
SET client_encoding = 'UTF8';
SET standard_conforming_strings = on;
SELECT pg_catalog.set_config('search_path', '', false);
SET check_function_bodies = false;
SET xmloption = content;
SET client_min_messages = warning;
SET row_security = off;

SET default_tablespace = '';

SET default_table_access_method = heap;

--
-- Name: artikl; Type: TABLE; Schema: public; Owner: postgres
--

CREATE TABLE public.artikl (
    id integer NOT NULL,
    naziv character varying(100) NOT NULL,
    cena integer NOT NULL,
    ddv integer DEFAULT 18,
    tip integer
);


ALTER TABLE public.artikl OWNER TO postgres;

--
-- Name: artikl_id_seq; Type: SEQUENCE; Schema: public; Owner: postgres
--

CREATE SEQUENCE public.artikl_id_seq
    AS integer
    START WITH 1
    INCREMENT BY 1
    NO MINVALUE
    NO MAXVALUE
    CACHE 1;


ALTER SEQUENCE public.artikl_id_seq OWNER TO postgres;

--
-- Name: artikl_id_seq; Type: SEQUENCE OWNED BY; Schema: public; Owner: postgres
--

ALTER SEQUENCE public.artikl_id_seq OWNED BY public.artikl.id;


--
-- Name: izbrishani; Type: TABLE; Schema: public; Owner: postgres
--

CREATE TABLE public.izbrishani (
    id integer NOT NULL,
    masa integer NOT NULL,
    vrabotenshifra integer,
    datum timestamp without time zone DEFAULT CURRENT_TIMESTAMP,
    artiklid integer,
    kolicina integer
);


ALTER TABLE public.izbrishani OWNER TO postgres;

--
-- Name: izbrihani_id_seq; Type: SEQUENCE; Schema: public; Owner: postgres
--

CREATE SEQUENCE public.izbrihani_id_seq
    AS integer
    START WITH 1
    INCREMENT BY 1
    NO MINVALUE
    NO MAXVALUE
    CACHE 1;


ALTER SEQUENCE public.izbrihani_id_seq OWNER TO postgres;

--
-- Name: izbrihani_id_seq; Type: SEQUENCE OWNED BY; Schema: public; Owner: postgres
--

ALTER SEQUENCE public.izbrihani_id_seq OWNED BY public.izbrishani.id;


--
-- Name: naracka; Type: TABLE; Schema: public; Owner: postgres
--

CREATE TABLE public.naracka (
    id integer NOT NULL,
    masa integer NOT NULL,
    vrabotenshifra integer NOT NULL,
    popust integer DEFAULT 0
);


ALTER TABLE public.naracka OWNER TO postgres;

--
-- Name: naracka_id_seq; Type: SEQUENCE; Schema: public; Owner: postgres
--

CREATE SEQUENCE public.naracka_id_seq
    AS integer
    START WITH 1
    INCREMENT BY 1
    NO MINVALUE
    NO MAXVALUE
    CACHE 1;


ALTER SEQUENCE public.naracka_id_seq OWNER TO postgres;

--
-- Name: naracka_id_seq; Type: SEQUENCE OWNED BY; Schema: public; Owner: postgres
--

ALTER SEQUENCE public.naracka_id_seq OWNED BY public.naracka.id;


--
-- Name: prefrluvanje; Type: TABLE; Schema: public; Owner: postgres
--

CREATE TABLE public.prefrluvanje (
    id integer NOT NULL,
    employeeid integer,
    newemployeeid integer,
    masa integer,
    datum timestamp without time zone DEFAULT (now())::timestamp without time zone
);


ALTER TABLE public.prefrluvanje OWNER TO postgres;

--
-- Name: prefrluvanje_id_seq; Type: SEQUENCE; Schema: public; Owner: postgres
--

CREATE SEQUENCE public.prefrluvanje_id_seq
    AS integer
    START WITH 1
    INCREMENT BY 1
    NO MINVALUE
    NO MAXVALUE
    CACHE 1;


ALTER SEQUENCE public.prefrluvanje_id_seq OWNER TO postgres;

--
-- Name: prefrluvanje_id_seq; Type: SEQUENCE OWNED BY; Schema: public; Owner: postgres
--

ALTER SEQUENCE public.prefrluvanje_id_seq OWNED BY public.prefrluvanje.id;


--
-- Name: smetka; Type: TABLE; Schema: public; Owner: postgres
--

CREATE TABLE public.smetka (
    id integer NOT NULL,
    masa integer NOT NULL,
    vrabotenshifra integer,
    datum timestamp without time zone DEFAULT CURRENT_TIMESTAMP,
    tip integer
);


ALTER TABLE public.smetka OWNER TO postgres;

--
-- Name: smetka_id_seq; Type: SEQUENCE; Schema: public; Owner: postgres
--

CREATE SEQUENCE public.smetka_id_seq
    AS integer
    START WITH 1
    INCREMENT BY 1
    NO MINVALUE
    NO MAXVALUE
    CACHE 1;


ALTER SEQUENCE public.smetka_id_seq OWNER TO postgres;

--
-- Name: smetka_id_seq; Type: SEQUENCE OWNED BY; Schema: public; Owner: postgres
--

ALTER SEQUENCE public.smetka_id_seq OWNED BY public.smetka.id;


--
-- Name: stavkanaracka; Type: TABLE; Schema: public; Owner: postgres
--

CREATE TABLE public.stavkanaracka (
    id integer NOT NULL,
    narackaid integer NOT NULL,
    artiklid integer NOT NULL,
    kolicina integer NOT NULL,
    vreme time without time zone DEFAULT CURRENT_TIME
);


ALTER TABLE public.stavkanaracka OWNER TO postgres;

--
-- Name: stavkanaracka_id_seq; Type: SEQUENCE; Schema: public; Owner: postgres
--

CREATE SEQUENCE public.stavkanaracka_id_seq
    AS integer
    START WITH 1
    INCREMENT BY 1
    NO MINVALUE
    NO MAXVALUE
    CACHE 1;


ALTER SEQUENCE public.stavkanaracka_id_seq OWNER TO postgres;

--
-- Name: stavkanaracka_id_seq; Type: SEQUENCE OWNED BY; Schema: public; Owner: postgres
--

ALTER SEQUENCE public.stavkanaracka_id_seq OWNED BY public.stavkanaracka.id;


--
-- Name: stavkanasmetka; Type: TABLE; Schema: public; Owner: postgres
--

CREATE TABLE public.stavkanasmetka (
    id integer NOT NULL,
    smetkaid integer,
    artiklid integer,
    kolicina integer NOT NULL,
    vreme time without time zone DEFAULT CURRENT_TIME
);


ALTER TABLE public.stavkanasmetka OWNER TO postgres;

--
-- Name: stavkanasmetka_id_seq; Type: SEQUENCE; Schema: public; Owner: postgres
--

CREATE SEQUENCE public.stavkanasmetka_id_seq
    AS integer
    START WITH 1
    INCREMENT BY 1
    NO MINVALUE
    NO MAXVALUE
    CACHE 1;


ALTER SEQUENCE public.stavkanasmetka_id_seq OWNER TO postgres;

--
-- Name: stavkanasmetka_id_seq; Type: SEQUENCE OWNED BY; Schema: public; Owner: postgres
--

ALTER SEQUENCE public.stavkanasmetka_id_seq OWNED BY public.stavkanasmetka.id;


--
-- Name: tipartikl; Type: TABLE; Schema: public; Owner: postgres
--

CREATE TABLE public.tipartikl (
    id integer NOT NULL,
    tip character varying(10)
);


ALTER TABLE public.tipartikl OWNER TO postgres;

--
-- Name: tipartikl_id_seq; Type: SEQUENCE; Schema: public; Owner: postgres
--

CREATE SEQUENCE public.tipartikl_id_seq
    AS integer
    START WITH 1
    INCREMENT BY 1
    NO MINVALUE
    NO MAXVALUE
    CACHE 1;


ALTER SEQUENCE public.tipartikl_id_seq OWNER TO postgres;

--
-- Name: tipartikl_id_seq; Type: SEQUENCE OWNED BY; Schema: public; Owner: postgres
--

ALTER SEQUENCE public.tipartikl_id_seq OWNED BY public.tipartikl.id;


--
-- Name: tipsmetka; Type: TABLE; Schema: public; Owner: postgres
--

CREATE TABLE public.tipsmetka (
    id integer NOT NULL,
    tip character varying(10)
);


ALTER TABLE public.tipsmetka OWNER TO postgres;

--
-- Name: tipsmetka_id_seq; Type: SEQUENCE; Schema: public; Owner: postgres
--

CREATE SEQUENCE public.tipsmetka_id_seq
    AS integer
    START WITH 1
    INCREMENT BY 1
    NO MINVALUE
    NO MAXVALUE
    CACHE 1;


ALTER SEQUENCE public.tipsmetka_id_seq OWNER TO postgres;

--
-- Name: tipsmetka_id_seq; Type: SEQUENCE OWNED BY; Schema: public; Owner: postgres
--

ALTER SEQUENCE public.tipsmetka_id_seq OWNED BY public.tipsmetka.id;


--
-- Name: tipvraboten; Type: TABLE; Schema: public; Owner: postgres
--

CREATE TABLE public.tipvraboten (
    id integer NOT NULL,
    tip character varying(10)
);


ALTER TABLE public.tipvraboten OWNER TO postgres;

--
-- Name: tipvraboten_id_seq; Type: SEQUENCE; Schema: public; Owner: postgres
--

CREATE SEQUENCE public.tipvraboten_id_seq
    AS integer
    START WITH 1
    INCREMENT BY 1
    NO MINVALUE
    NO MAXVALUE
    CACHE 1;


ALTER SEQUENCE public.tipvraboten_id_seq OWNER TO postgres;

--
-- Name: tipvraboten_id_seq; Type: SEQUENCE OWNED BY; Schema: public; Owner: postgres
--

ALTER SEQUENCE public.tipvraboten_id_seq OWNED BY public.tipvraboten.id;


--
-- Name: vraboten; Type: TABLE; Schema: public; Owner: postgres
--

CREATE TABLE public.vraboten (
    shifra integer NOT NULL,
    ime character varying(50) NOT NULL,
    tip integer
);


ALTER TABLE public.vraboten OWNER TO postgres;

--
-- Name: vraboten_shifra_seq; Type: SEQUENCE; Schema: public; Owner: postgres
--

CREATE SEQUENCE public.vraboten_shifra_seq
    AS integer
    START WITH 1
    INCREMENT BY 1
    NO MINVALUE
    NO MAXVALUE
    CACHE 1;


ALTER SEQUENCE public.vraboten_shifra_seq OWNER TO postgres;

--
-- Name: vraboten_shifra_seq; Type: SEQUENCE OWNED BY; Schema: public; Owner: postgres
--

ALTER SEQUENCE public.vraboten_shifra_seq OWNED BY public.vraboten.shifra;


--
-- Name: artikl id; Type: DEFAULT; Schema: public; Owner: postgres
--

ALTER TABLE ONLY public.artikl ALTER COLUMN id SET DEFAULT nextval('public.artikl_id_seq'::regclass);


--
-- Name: izbrishani id; Type: DEFAULT; Schema: public; Owner: postgres
--

ALTER TABLE ONLY public.izbrishani ALTER COLUMN id SET DEFAULT nextval('public.izbrihani_id_seq'::regclass);


--
-- Name: naracka id; Type: DEFAULT; Schema: public; Owner: postgres
--

ALTER TABLE ONLY public.naracka ALTER COLUMN id SET DEFAULT nextval('public.naracka_id_seq'::regclass);


--
-- Name: prefrluvanje id; Type: DEFAULT; Schema: public; Owner: postgres
--

ALTER TABLE ONLY public.prefrluvanje ALTER COLUMN id SET DEFAULT nextval('public.prefrluvanje_id_seq'::regclass);


--
-- Name: smetka id; Type: DEFAULT; Schema: public; Owner: postgres
--

ALTER TABLE ONLY public.smetka ALTER COLUMN id SET DEFAULT nextval('public.smetka_id_seq'::regclass);


--
-- Name: stavkanaracka id; Type: DEFAULT; Schema: public; Owner: postgres
--

ALTER TABLE ONLY public.stavkanaracka ALTER COLUMN id SET DEFAULT nextval('public.stavkanaracka_id_seq'::regclass);


--
-- Name: stavkanasmetka id; Type: DEFAULT; Schema: public; Owner: postgres
--

ALTER TABLE ONLY public.stavkanasmetka ALTER COLUMN id SET DEFAULT nextval('public.stavkanasmetka_id_seq'::regclass);


--
-- Name: tipartikl id; Type: DEFAULT; Schema: public; Owner: postgres
--

ALTER TABLE ONLY public.tipartikl ALTER COLUMN id SET DEFAULT nextval('public.tipartikl_id_seq'::regclass);


--
-- Name: tipsmetka id; Type: DEFAULT; Schema: public; Owner: postgres
--

ALTER TABLE ONLY public.tipsmetka ALTER COLUMN id SET DEFAULT nextval('public.tipsmetka_id_seq'::regclass);


--
-- Name: tipvraboten id; Type: DEFAULT; Schema: public; Owner: postgres
--

ALTER TABLE ONLY public.tipvraboten ALTER COLUMN id SET DEFAULT nextval('public.tipvraboten_id_seq'::regclass);


--
-- Name: vraboten shifra; Type: DEFAULT; Schema: public; Owner: postgres
--

ALTER TABLE ONLY public.vraboten ALTER COLUMN shifra SET DEFAULT nextval('public.vraboten_shifra_seq'::regclass);


--
-- Data for Name: artikl; Type: TABLE DATA; Schema: public; Owner: postgres
--

COPY public.artikl (id, naziv, cena, ddv, tip) FROM stdin;
1	Скопско	100	18	1
2	Златен Даб	100	18	1
4	Кока Кола	100	18	1
5	Фанта	100	18	1
23	еспресо	70	18	1
25	Турско Кафе	60	5	1
27	Какао	70	18	1
28	Топло Чоколадо	80	18	1
22	макијато	100	18	1
26	Вода	90	10	1
34	ЈАБОЛКО	100	18	1
40	СОК JАБОЛКО	80	10	1
17	7уп	100	18	1
41	ракиjа	70	18	1
9	Цезар Салата	150	18	2
10	Мимоза Салата	150	18	2
12	Тиро	150	18	2
13	Ребро	200	18	2
14	Уштипец	70	18	2
16	мала Македонка	200	18	2
18	голема Македонка	200	18	2
20	голема Ловечка	300	18	2
21	мала Ловечка	180	18	2
24	палаЧинка	50	18	2
11	Грчка Салата	200	18	2
29	Џигер	180	18	2
30	Џигер со лук	200	18	2
31	Џигер рестован	250	18	2
8	Мешана Салата	170	18	2
7	Шопска салата	180	18	2
15	сендвиЧ	100	10	2
3	Чорба	200	10	2
42	Намештај	90	18	1
44	Чаша Вино (0.25)	80	10	1
45	Десерт	120	18	2
\.


--
-- Data for Name: izbrishani; Type: TABLE DATA; Schema: public; Owner: postgres
--

COPY public.izbrishani (id, masa, vrabotenshifra, datum, artiklid, kolicina) FROM stdin;
163	1	222	2025-02-17 12:49:08.394044	1	1
164	1	222	2025-02-17 12:49:08.394044	1	1
165	1	222	2025-02-17 12:49:08.394044	2	1
166	1	222	2025-02-17 12:49:08.394044	5	1
123	4	222	2025-02-12 17:25:40.81634	1	1
124	4	222	2025-02-12 17:25:44.754546	18	2
127	1	222	2025-02-13 16:02:55.361529	1	1
129	12	222	2025-02-14 15:52:22.146469	21	1
126	1	555	2025-02-12 22:29:24.092183	22	3
131	1	555	2025-02-14 18:56:18.071671	1	1
132	1	555	2025-02-14 18:56:36.675363	2	1
134	1	555	2025-02-17 01:07:39.727031	10	3
135	1	555	2025-02-17 01:07:43.410605	5	1
136	1	555	2025-02-17 01:07:46.386463	26	1
138	2	555	2025-02-17 01:14:31.694802	2	1
140	1	555	2025-02-17 01:24:57.706157	1	1
141	2	555	2025-02-17 01:25:14.310699	26	2
143	1	555	2025-02-17 11:43:31.564037	1	12
144	1	555	2025-02-17 11:43:31.580967	1	1
145	1	555	2025-02-17 11:43:31.582819	2	1
146	1	555	2025-02-17 11:44:44.82125	1	1
147	1	555	2025-02-17 11:44:44.834701	2	1
148	1	555	2025-02-17 11:44:44.836795	42	1
160	1	555	2025-02-17 12:05:13.820824	1	1
161	1	555	2025-02-17 12:05:13.820824	2	1
162	1	555	2025-02-17 12:05:13.820824	21	1
121	5	555	2025-02-11 22:48:44.174832	5	1
122	1	555	2025-02-11 22:57:54.847924	1	1
113	2	555	2025-02-10 02:02:22.017536	25	1
114	1	555	2025-02-10 04:18:33.028448	1	1
115	1	555	2025-02-10 04:18:41.886309	1	1
116	1	555	2025-02-10 04:18:46.486976	1	1
117	1	555	2025-02-11 02:57:35.991912	2	1
118	1	555	2025-02-11 02:57:58.289327	10	1
119	3	555	2025-02-11 03:18:01.70229	21	2
120	1	555	2025-02-11 12:41:15.097111	2	10
170	5	555	2025-02-22 18:33:16.756375	1	1
171	5	555	2025-02-22 18:33:16.756375	5	1
85	1	222	2025-01-22 22:16:21.385578	2	1
86	1	222	2025-01-22 22:16:39.955926	26	1
87	1	222	2025-01-22 22:19:39.066318	4	1
88	1	222	2025-01-23 01:05:54.837799	1	1
172	1	555	2025-02-23 15:14:52.454593	1	1
128	1	222	2025-02-14 11:02:12.063318	1	7
167	1	555	2025-02-17 17:02:04.558824	1	1
168	1	555	2025-02-17 17:02:04.558824	2	1
169	1	555	2025-02-17 17:02:04.558824	10	1
125	1	555	2025-02-12 21:57:59.476618	10	1
130	1	555	2025-02-14 18:45:44.042039	2	1
133	1	555	2025-02-16 22:19:13.868404	21	10
137	1	555	2025-02-17 01:11:55.709826	5	1
139	2	555	2025-02-17 01:23:22.915849	1	1
142	1	555	2025-02-17 01:30:57.073588	15	1
149	1	555	2025-02-17 11:49:52.540778	1	1
150	1	555	2025-02-17 11:49:52.540778	16	1
151	1	555	2025-02-17 11:49:52.540778	21	1
152	1	555	2025-02-17 11:49:52.540778	4	1
153	1	555	2025-02-17 11:50:18.813888	1	1
154	1	555	2025-02-17 11:50:18.813888	2	1
155	19	555	2025-02-17 11:50:52.366092	40	1
156	19	555	2025-02-17 11:50:52.366092	40	1
157	19	555	2025-02-17 11:50:52.366092	41	1
158	1	555	2025-02-17 11:51:51.337268	22	1
159	1	555	2025-02-17 11:51:51.337268	23	1
89	1	555	2025-02-03 23:18:51.874291	2	1
90	5	555	2025-02-03 23:24:14.714959	15	1
91	5	555	2025-02-03 23:24:17.471126	15	3
92	7	555	2025-02-03 23:31:20.595403	10	1
93	8	555	2025-02-06 06:50:57.824167	12	1
94	9	555	2025-02-07 01:15:56.448291	5	1
95	10	555	2025-02-07 01:16:21.104408	1	1
96	12	555	2025-02-07 01:16:59.17393	12	1
97	2	555	2025-02-07 01:18:06.18717	27	1
98	1	555	2025-02-07 01:21:42.081567	2	1
99	1	555	2025-02-07 01:35:20.699122	1	1
100	2	555	2025-02-07 01:40:00.11694	2	1
101	5	555	2025-02-07 01:41:23.541231	1	1
102	1	555	2025-02-07 01:42:00.511794	2	1
103	1	555	2025-02-07 01:42:21.222045	2	1
104	1	555	2025-02-07 01:42:36.431448	1	1
105	1	555	2025-02-07 01:42:57.4615	1	1
106	1	555	2025-02-07 01:44:41.118169	1	1
107	1	555	2025-02-07 01:44:53.974295	1	1
108	2	555	2025-02-07 01:45:23.271422	12	1
109	2	555	2025-02-07 01:45:28.543959	12	1
110	1	555	2025-02-07 02:01:52.391578	25	1
111	1	555	2025-02-07 02:57:02.186541	25	1
112	1	555	2025-02-07 04:08:40.178129	2	1
\.


--
-- Data for Name: naracka; Type: TABLE DATA; Schema: public; Owner: postgres
--

COPY public.naracka (id, masa, vrabotenshifra, popust) FROM stdin;
\.


--
-- Data for Name: prefrluvanje; Type: TABLE DATA; Schema: public; Owner: postgres
--

COPY public.prefrluvanje (id, employeeid, newemployeeid, masa, datum) FROM stdin;
4	555	222	1	2025-02-17 12:46:50.480243
1	222	555	5	2025-02-17 11:16:53.798331
3	222	555	1	2025-02-17 12:46:31.90971
6	555	222	7	2025-02-23 15:17:22.453526
\.


--
-- Data for Name: smetka; Type: TABLE DATA; Schema: public; Owner: postgres
--

COPY public.smetka (id, masa, vrabotenshifra, datum, tip) FROM stdin;
344	1	555	2025-02-11 23:01:47.816903	2
402	1	222	2025-02-14 15:42:54.489905	3
414	2	555	2025-02-14 18:32:38.75538	3
350	1	555	2025-02-12 18:31:54.03416	2
415	2	555	2025-02-14 18:32:55.26143	3
424	1	555	2025-02-16 21:58:42.622604	3
357	1	555	2025-02-12 21:11:29.01421	2
453	1	555	2025-02-19 20:00:30.628942	2
132	2	222	2024-12-31 05:07:01.633509	2
430	1	555	2025-02-17 01:31:27.071112	3
435	1	555	2025-02-17 11:04:31.010084	3
445	1	555	2025-02-19 02:51:09.777339	3
305	12345	222	2025-02-10 05:13:22.911111	1
282	1	555	2025-02-07 03:08:29.224059	1
134	2	222	2024-12-31 14:23:44.388419	2
136	42	222	2024-12-31 14:36:11.161662	2
233	1	555	2025-01-22 23:51:19.163772	1
242	2	555	2025-01-23 01:05:17.608198	1
245	1	555	2025-02-03 23:56:11.866115	1
274	1	555	2025-02-07 02:40:58.940739	1
372	1	555	2025-02-13 15:47:48.241465	2
92	1	222	2024-12-25 19:32:08.445175	1
2	44	222	2024-12-22 20:22:43.641424	1
3	3	222	2024-12-22 23:25:03.416058	1
4	145	222	2024-12-22 23:32:06.60603	1
232	1	222	2025-01-22 23:50:22.729499	1
243	1	222	2025-01-23 01:06:00.229919	1
231	1	222	2025-01-22 23:49:36.39483	1
386	1	555	2025-02-13 16:02:44.477236	2
6	45	222	2024-12-23 03:25:21.459402	1
7	42	222	2024-12-23 03:26:10.543141	1
8	45	222	2024-12-23 03:26:19.270442	1
9	46	222	2024-12-23 03:31:08.113594	1
10	50	222	2024-12-23 03:31:17.16615	1
11	44	222	2024-12-23 03:31:24.442213	1
12	45	222	2024-12-23 03:33:18.218373	1
15	1	222	2024-12-23 03:36:22.897027	1
17	44	222	2024-12-23 18:30:29.276884	1
18	44	222	2024-12-23 18:32:34.554635	1
19	44	222	2024-12-23 18:38:02.136061	1
20	4	222	2024-12-23 18:45:15.237705	1
21	6	222	2024-12-23 18:56:39.445334	1
22	1	222	2024-12-23 19:01:14.47962	1
23	2	222	2024-12-23 19:01:18.872458	1
24	4	222	2024-12-23 19:01:24.24348	1
25	5	222	2024-12-23 19:01:30.181311	1
26	3	222	2024-12-23 19:05:24.523759	1
27	6	222	2024-12-23 19:05:56.472804	1
28	5	222	2024-12-23 19:06:02.774325	1
29	1	222	2024-12-23 19:06:07.42453	1
30	3	222	2024-12-23 19:37:20.439329	1
31	5	222	2024-12-23 19:38:12.409705	1
32	3	222	2024-12-23 20:40:30.874808	1
33	4	222	2024-12-23 20:40:36.191399	1
34	6	222	2024-12-23 20:40:41.144723	1
35	1	222	2024-12-23 20:51:47.863694	1
36	3	222	2024-12-23 20:51:58.492433	1
39	2	222	2024-12-23 23:24:26.170403	1
42	1	222	2024-12-24 00:22:41.998472	1
44	1	222	2024-12-24 02:18:15.28781	1
45	2	222	2024-12-24 02:18:35.590206	1
46	55	222	2024-12-24 18:24:27.367636	1
47	55	222	2024-12-24 18:30:27.662482	1
48	1	222	2024-12-24 18:31:42.102865	1
49	1	222	2024-12-24 18:32:01.921993	1
50	42	222	2024-12-24 19:11:38.297594	1
51	3	222	2024-12-24 19:34:25.227221	1
52	7	222	2024-12-24 19:46:24.978137	1
138	5	222	2025-01-01 19:18:53.470296	2
385	1	222	2025-02-13 16:02:20.760982	2
387	1	222	2025-02-13 16:04:04.738046	2
311	2	222	2025-02-11 02:58:55.001604	2
333	2	222	2025-02-11 12:42:07.713379	2
142	6	222	2025-01-01 20:53:41.284092	2
144	2	222	2025-01-01 20:53:56.366594	2
152	55	222	2025-01-02 04:26:02.258289	2
154	1	222	2025-01-02 05:03:14.209773	2
158	5	222	2025-01-02 05:03:38.859313	2
160	1	222	2025-01-02 05:26:34.387986	2
454	1	555	2025-02-19 22:25:08.197617	2
455	1	555	2025-02-19 22:25:37.520432	2
456	1	555	2025-02-19 22:25:49.437736	2
457	10	555	2025-02-19 22:28:33.570131	2
345	4	555	2025-02-12 17:32:18.866262	2
351	1	555	2025-02-12 18:36:09.712326	2
403	1	222	2025-02-14 15:45:22.57793	3
416	2	555	2025-02-14 18:44:34.168601	3
404	2	222	2025-02-14 15:46:06.396457	3
417	1	555	2025-02-14 18:44:48.66425	3
418	1	555	2025-02-14 18:45:14.662571	3
420	1	555	2025-02-14 18:45:54.771598	3
419	2	222	2025-02-14 18:45:31.555044	3
425	2	555	2025-02-16 21:59:25.605603	3
431	1	555	2025-02-17 01:44:10.379236	3
436	1	555	2025-02-17 17:02:39.467327	3
5	4	555	2024-12-22 23:33:08.358298	1
437	1	555	2025-02-17 17:04:36.428545	3
358	1	555	2025-02-12 21:14:17.93819	2
388	1	555	2025-02-13 16:09:07.934671	2
389	1	555	2025-02-13 16:09:24.825156	2
365	1	222	2025-02-13 15:29:34.40196	2
306	1	222	2025-02-10 05:15:15.586651	2
374	1	222	2025-02-13 15:50:55.790218	2
313	3	222	2025-02-11 03:18:16.463585	2
244	1	222	2025-01-23 01:27:41.00934	1
53	11	222	2024-12-24 20:14:29.388484	1
54	8	222	2024-12-24 20:26:59.194701	1
55	44	222	2024-12-24 20:44:46.389588	1
56	7	222	2024-12-24 21:40:59.895153	1
65	1	222	2024-12-24 22:23:37.254468	1
67	2	222	2024-12-24 22:25:43.851063	1
77	5	222	2024-12-24 22:42:40.510195	1
89	2	222	2024-12-25 18:59:39.282712	1
124	1	222	2024-12-29 01:17:17.370765	2
346	1	555	2025-02-12 17:56:52.132485	2
352	1	555	2025-02-12 19:25:09.239014	2
359	1	555	2025-02-12 21:16:31.712721	2
458	5	555	2025-02-20 15:40:21.700896	2
93	4	222	2024-12-25 19:33:46.130762	1
94	3	222	2024-12-25 19:33:51.673726	1
95	1	222	2024-12-25 23:34:06.815978	1
130	1	222	2024-12-29 04:24:25.960602	2
199	7	555	2025-01-04 05:41:50.817425	2
187	7	555	2025-01-03 02:25:29.737745	2
150	1	555	2025-01-02 03:44:58.143057	2
236	1	222	2025-01-23 00:42:41.68862	1
214	2	222	2025-01-10 01:03:56.134883	1
215	1	222	2025-01-10 01:04:25.941584	1
156	5	555	2025-01-02 05:03:30.242062	2
216	1	555	2025-01-10 01:04:46.968894	1
247	5	555	2025-02-04 21:24:42.633129	1
248	1	555	2025-02-04 21:24:48.389493	1
249	2	555	2025-02-04 21:24:52.687262	1
260	2	555	2025-02-07 01:41:37.937448	1
262	3	555	2025-02-07 01:41:52.162156	1
276	1	555	2025-02-07 02:45:46.072618	1
285	1	555	2025-02-07 03:09:31.383404	1
261	5	555	2025-02-07 01:41:45.872185	1
263	1	555	2025-02-07 01:43:02.126424	1
270	1	555	2025-02-07 02:34:00.047386	1
366	1	222	2025-02-13 15:31:26.47576	2
367	1	222	2025-02-13 15:31:41.349454	2
292	1	555	2025-02-10 01:56:16.604881	1
390	1	222	2025-02-13 16:11:35.761576	2
221	2	555	2025-01-21 20:36:58.451794	1
307	1	222	2025-02-10 05:19:48.400216	2
398	1	222	2025-02-14 11:45:56.673117	2
223	2	555	2025-01-21 20:44:13.930401	1
210	1	555	2025-01-10 00:19:55.581961	1
257	1	555	2025-02-07 01:18:58.794655	1
256	1	555	2025-02-07 01:18:44.662416	1
396	1	555	2025-02-14 11:06:39.778738	2
373	1	555	2025-02-13 15:48:20.884549	2
336	1	555	2025-02-11 12:45:10.338076	2
405	2	222	2025-02-14 15:48:01.866249	3
406	1	222	2025-02-14 15:48:05.727458	3
407	12	222	2025-02-14 16:04:02.971259	3
325	1	555	2025-02-11 04:58:40.531121	2
330	1	555	2025-02-11 12:26:27.589523	2
319	1	555	2025-02-11 04:37:50.120638	2
255	13	555	2025-02-07 01:17:22.729019	1
283	1	555	2025-02-07 03:08:41.742731	1
211	2	555	2025-01-10 00:19:59.50503	1
375	1	555	2025-02-13 15:53:09.626103	2
391	1	555	2025-02-13 16:11:51.224316	2
254	9	555	2025-02-06 06:51:42.633537	1
268	1	555	2025-02-07 02:30:03.729859	1
289	1	555	2025-02-07 04:13:20.938091	1
459	1	555	2025-02-22 18:30:44.635505	2
86	11	555	2024-12-25 12:40:51.216109	1
91	1	555	2024-12-25 18:59:57.787047	1
294	1	555	2025-02-10 02:01:36.687006	1
70	1	222	2024-12-24 22:29:49.251699	1
85	2	222	2024-12-25 12:40:43.301486	1
87	1	222	2024-12-25 18:58:11.773477	1
98	1	222	2024-12-25 23:39:15.838058	1
60	22	222	2024-12-24 21:59:52.079407	1
368	1	222	2025-02-13 15:33:53.738526	2
140	45	555	2025-01-01 19:19:07.305457	2
146	2	555	2025-01-01 22:59:14.793886	2
1	42	222	2024-12-22 20:22:31.909934	1
101	1	555	2024-12-25 23:41:57.915943	2
111	2	555	2024-12-25 23:51:31.421421	2
320	1	222	2025-02-11 04:39:54.976567	2
392	1	222	2025-02-13 16:15:02.501039	2
126	42	555	2024-12-29 01:18:35.370595	2
129	1	555	2024-12-29 03:04:32.596781	2
133	5	555	2024-12-31 05:07:21.872947	2
68	5	222	2024-12-24 22:26:07.671644	1
135	5	555	2024-12-31 14:23:59.50921	2
137	7	555	2024-12-31 15:08:14.828485	2
103	5	555	2024-12-25 23:42:25.967977	2
71	2	222	2024-12-24 22:33:45.222185	1
72	3	222	2024-12-24 22:35:00.945371	1
73	2	222	2024-12-24 22:35:18.922319	1
74	2	222	2024-12-24 22:37:39.960567	1
75	1	222	2024-12-24 22:41:01.529089	1
76	3	222	2024-12-24 22:42:22.141724	1
80	2	222	2024-12-25 00:04:37.740204	1
81	1	222	2024-12-25 12:32:01.465803	1
88	1	222	2024-12-25 18:59:25.318572	1
162	1	222	2025-01-02 05:39:07.991403	2
166	1	222	2025-01-02 05:46:27.856032	2
170	1	222	2025-01-02 06:07:15.111233	2
172	10	222	2025-01-02 06:18:31.820084	2
173	1	222	2025-01-02 06:18:38.42728	2
175	22	222	2025-01-02 06:37:47.799355	2
177	9	222	2025-01-02 21:11:13.810683	2
190	42	222	2025-01-03 22:05:36.679149	2
192	12	222	2025-01-03 22:59:06.806718	2
188	2	222	2025-01-03 02:27:17.817965	2
196	1	235	2025-01-04 05:32:56.001975	2
186	2	222	2025-01-03 02:25:09.048193	2
105	2	222	2024-12-25 23:49:08.688092	2
106	5	222	2024-12-25 23:49:17.908778	2
113	5	222	2024-12-26 23:31:14.530246	2
114	6	222	2024-12-26 23:32:17.946547	2
115	5	222	2024-12-26 23:45:05.761386	2
217	2	222	2025-01-21 01:42:16.874878	1
293	1	222	2025-02-10 02:00:29.365069	1
219	1	222	2025-01-21 05:03:42.039356	1
201	2	235	2025-01-04 05:54:38.968083	1
202	10	222	2025-01-04 16:38:38.9979	1
204	2	222	2025-01-07 01:33:44.002723	1
197	1	555	2025-01-04 05:39:10.016676	2
206	11	222	2025-01-07 01:33:51.568894	1
198	2	555	2025-01-04 05:39:19.127904	2
207	1	222	2025-01-08 01:21:53.292423	1
234	1	555	2025-01-22 23:56:59.144469	1
208	1	222	2025-01-09 23:31:03.40571	1
235	1	555	2025-01-22 23:58:45.746936	1
246	2	555	2025-02-04 17:53:54.023129	1
220	3	222	2025-01-21 20:36:28.762658	1
224	1	222	2025-01-21 20:45:19.385036	1
225	2	222	2025-01-21 20:45:30.02145	1
226	1	222	2025-01-22 20:38:17.618338	1
290	1	555	2025-02-09 10:17:32.160446	1
291	1	555	2025-02-10 01:34:49.879082	1
259	3	555	2025-02-07 01:21:27.354787	1
258	1	555	2025-02-07 01:20:55.956991	1
284	1	555	2025-02-07 03:09:15.04003	1
275	2	555	2025-02-07 02:42:40.499999	1
269	1	555	2025-02-07 02:32:06.004113	1
304	1	555	2025-02-10 05:13:17.219882	2
312	1	555	2025-02-11 02:59:08.913172	2
316	1	555	2025-02-11 04:22:05.767728	2
337	1	555	2025-02-11 13:19:46.362396	2
338	1	555	2025-02-11 13:49:55.164613	2
317	1	555	2025-02-11 04:33:01.345243	2
324	1	555	2025-02-11 04:56:52.887586	2
339	1	555	2025-02-11 13:50:42.581316	2
342	5	222	2025-02-11 22:56:16.038034	2
421	1	555	2025-02-14 18:54:15.473892	3
426	1	555	2025-02-16 22:04:00.068892	3
427	1	555	2025-02-16 22:06:04.476262	3
432	1	555	2025-02-17 01:59:38.090791	3
439	1	555	2025-02-18 17:50:59.887206	3
447	1	555	2025-02-19 03:01:51.183949	3
462	25	555	2025-02-23 15:17:26.499148	2
347	1	555	2025-02-12 17:58:51.446687	2
369	1	222	2025-02-13 15:35:20.962259	2
353	1	555	2025-02-12 19:28:20.331778	2
360	1	555	2025-02-12 21:57:40.074298	2
376	1	555	2025-02-13 15:54:27.743016	2
393	1	222	2025-02-14 11:02:14.97749	2
377	1	555	2025-02-13 15:54:57.643426	2
61	1	555	2024-12-24 22:19:19.10335	1
378	1	555	2025-02-13 15:55:11.043387	2
399	1	555	2025-02-14 12:17:59.363867	2
340	1	555	2025-02-11 13:55:58.367911	2
463	7	222	2025-02-23 15:17:29.640794	1
460	1	555	2025-02-23 15:11:13.521539	1
461	1	555	2025-02-23 15:17:16.446408	1
104	1	222	2024-12-25 23:48:59.064932	2
308	1	555	2025-02-10 06:29:38.907466	2
314	1	555	2025-02-11 03:25:52.169991	2
331	1	555	2025-02-11 12:36:41.148682	2
408	143	555	2025-02-14 18:10:18.513802	3
200	1	555	2025-01-04 05:54:27.510823	1
203	5	555	2025-01-07 01:33:37.713222	1
205	1	555	2025-01-07 01:33:47.491682	1
237	1	555	2025-01-23 00:48:00.63075	1
286	1	555	2025-02-07 03:13:54.592062	1
250	1	555	2025-02-04 22:18:44.553748	1
264	1	555	2025-02-07 01:48:29.538066	1
90	3	222	2024-12-25 18:59:50.721743	1
107	7	222	2024-12-25 23:49:25.449338	2
108	1	222	2024-12-25 23:50:58.581224	2
118	5	222	2024-12-27 19:20:43.772935	2
131	1	222	2024-12-29 04:25:47.022646	2
265	2	555	2025-02-07 01:48:37.444749	1
271	1	555	2025-02-07 02:34:37.779402	1
272	2	555	2025-02-07 02:35:43.75196	1
277	1	555	2025-02-07 02:49:56.186235	1
109	1	222	2024-12-25 23:51:09.442059	2
110	5	222	2024-12-25 23:51:24.053315	2
116	1	222	2024-12-27 19:19:58.360603	2
119	3	222	2024-12-27 19:20:48.985406	2
121	1	222	2024-12-27 23:08:21.902079	2
122	42	222	2024-12-28 21:01:35.254448	2
123	1	222	2024-12-29 01:15:31.495675	2
125	42	222	2024-12-29 01:18:27.195646	2
127	55	222	2024-12-29 01:18:42.746038	2
128	3	222	2024-12-29 03:04:26.075208	2
139	45	222	2025-01-01 19:19:00.873985	2
141	55	222	2025-01-01 19:19:12.424023	2
212	2	222	2025-01-10 00:58:34.044386	1
213	1	222	2025-01-10 01:03:48.402758	1
409	13	555	2025-02-14 18:12:15.659466	3
295	2	222	2025-02-10 02:02:36.075388	1
422	5	555	2025-02-16 21:21:26.88898	3
428	1	555	2025-02-16 22:14:10.788484	3
433	1	555	2025-02-17 02:07:29.434023	3
310	1	555	2025-02-11 02:50:13.611538	2
315	1	555	2025-02-11 03:30:38.355772	2
321	1	555	2025-02-11 04:41:47.557694	2
349	1	555	2025-02-12 18:31:24.567157	2
355	1	555	2025-02-12 20:53:30.028658	2
332	1	555	2025-02-11 12:37:21.613845	2
356	1	222	2025-02-12 20:53:50.136387	2
362	1	555	2025-02-12 22:24:09.920057	2
363	1	555	2025-02-12 22:24:54.129789	2
364	1	555	2025-02-12 22:29:48.287746	2
371	1	555	2025-02-13 15:41:36.330068	2
370	1	222	2025-02-13 15:39:42.391802	2
382	1	555	2025-02-13 16:01:25.716052	2
383	1	555	2025-02-13 16:01:42.018481	2
395	1	555	2025-02-14 11:04:43.713906	2
412	1	555	2025-02-14 18:19:22.914107	3
413	1	555	2025-02-14 18:19:44.961915	3
423	4	555	2025-02-16 21:35:23.165323	3
429	2	555	2025-02-17 01:26:04.581089	3
434	1	555	2025-02-17 10:50:01.401063	3
384	1	222	2025-02-13 16:02:01.932999	2
443	1	555	2025-02-19 01:36:40.643806	3
401	1	222	2025-02-14 15:41:17.102691	3
143	1	222	2025-01-01 20:53:46.178451	2
145	5	222	2025-01-01 20:54:01.860441	2
149	1	222	2025-01-02 03:44:48.675706	2
153	5	222	2025-01-02 04:26:18.040145	2
161	1	222	2025-01-02 05:36:24.513453	2
165	1	222	2025-01-02 05:41:43.296027	2
169	1	222	2025-01-02 06:01:44.08674	2
171	1	222	2025-01-02 06:09:17.738357	2
227	1	222	2025-01-22 22:50:23.295435	1
230	4	\N	2025-01-22 23:07:49.297663	1
239	1	222	2025-01-23 00:53:32.570197	1
297	3	555	2025-02-10 05:10:00.463108	1
397	2	555	2025-02-14 11:17:25.398182	2
301	5	555	2025-02-10 05:13:03.929553	2
302	4	555	2025-02-10 05:13:10.232683	2
438	1	555	2025-02-17 17:06:33.872794	3
446	1	555	2025-02-19 02:59:26.226364	3
452	2	555	2025-02-19 19:30:05.664438	3
298	12345	555	2025-02-10 05:12:51.161066	1
299	7	555	2025-02-10 05:12:57.027014	1
300	6	555	2025-02-10 05:13:00.999633	1
303	2	555	2025-02-10 05:13:14.064607	2
13	5	555	2024-12-23 03:33:30.233033	1
37	2	555	2024-12-23 22:44:09.08776	1
38	5	555	2024-12-23 22:44:56.753521	1
40	6	555	2024-12-23 23:25:34.841621	1
43	1	555	2024-12-24 00:43:01.707699	1
57	1	555	2024-12-24 21:41:53.959209	1
59	2	555	2024-12-24 21:59:44.709089	1
62	1	555	2024-12-24 22:19:32.396534	1
66	1	555	2024-12-24 22:24:39.161385	1
322	1	555	2025-02-11 04:42:53.054381	2
323	1	555	2025-02-11 04:47:50.152782	2
334	5	555	2025-02-11 12:42:31.529929	2
335	1	555	2025-02-11 12:43:51.395351	2
309	1	555	2025-02-11 02:50:03.698906	2
318	1	555	2025-02-11 04:36:22.174881	2
329	1	555	2025-02-11 12:20:28.811838	2
451	666	555	2025-02-19 19:29:46.738833	1
440	1	555	2025-02-18 18:27:04.25325	3
441	2	555	2025-02-18 18:27:06.76451	3
442	1	555	2025-02-18 18:27:51.512226	3
448	1	555	2025-02-19 03:10:36.14967	3
341	1	555	2025-02-11 22:49:44.001874	2
343	2	555	2025-02-11 22:58:29.638721	2
348	1	555	2025-02-12 18:03:28.547557	2
354	1	555	2025-02-12 19:45:02.821039	2
361	2	555	2025-02-12 22:10:16.18609	2
379	1	555	2025-02-13 15:58:03.514598	2
380	1	555	2025-02-13 15:58:14.957601	2
381	1	555	2025-02-13 15:58:51.26229	2
394	1	555	2025-02-14 11:02:25.207894	2
410	1	555	2025-02-14 18:17:42.595008	3
411	1	555	2025-02-14 18:17:55.092279	3
400	1	555	2025-02-14 12:36:04.425953	4
168	1	555	2025-01-02 05:55:35.187233	2
174	3	555	2025-01-02 06:29:51.968165	2
176	3	555	2025-01-02 21:10:26.91817	2
191	12	555	2025-01-03 22:59:00.741278	2
218	2	555	2025-01-21 01:43:17.983703	1
444	1	555	2025-02-19 01:47:13.686711	3
449	1	555	2025-02-19 03:13:48.313695	3
63	1	555	2024-12-24 22:21:59.117384	1
64	2	555	2024-12-24 22:23:21.376941	1
69	1	555	2024-12-24 22:26:37.110767	1
151	1	555	2025-01-02 04:11:37.457467	2
155	1	555	2025-01-02 05:03:25.134624	2
100	1	555	2024-12-25 23:41:44.908591	4
450	1	555	2025-02-19 03:14:24.788098	1
157	7	555	2025-01-02 05:03:34.810242	2
167	2	555	2025-01-02 05:50:16.384675	2
117	1	555	2024-12-27 19:20:31.533326	2
120	5	555	2024-12-27 19:20:59.214029	2
288	1	555	2025-02-07 04:09:34.404892	1
287	1	555	2025-02-07 04:08:56.422797	1
280	1	555	2025-02-07 02:54:51.975267	1
266	2	555	2025-02-07 02:16:50.960679	1
296	2	555	2025-02-10 04:19:18.110222	1
238	1	555	2025-01-23 00:52:54.367687	1
240	5	555	2025-01-23 00:53:57.400447	1
241	1	555	2025-01-23 00:54:02.446377	1
251	2	555	2025-02-04 22:20:34.072239	1
252	3	555	2025-02-04 22:20:39.189835	1
253	5	555	2025-02-04 22:20:44.128651	1
267	1	555	2025-02-07 02:17:34.068194	1
273	1	555	2025-02-07 02:39:53.530671	1
278	1	555	2025-02-07 02:53:09.039573	1
279	1	555	2025-02-07 02:53:37.886287	1
281	1	555	2025-02-07 02:58:55.532467	1
209	2	555	2025-01-10 00:19:06.795797	1
\.


--
-- Data for Name: stavkanaracka; Type: TABLE DATA; Schema: public; Owner: postgres
--

COPY public.stavkanaracka (id, narackaid, artiklid, kolicina, vreme) FROM stdin;
\.


--
-- Data for Name: stavkanasmetka; Type: TABLE DATA; Schema: public; Owner: postgres
--

COPY public.stavkanasmetka (id, smetkaid, artiklid, kolicina, vreme) FROM stdin;
1	1	2	2	04:30:46.46981
2	1	1	1	04:30:46.46981
3	2	4	2	04:30:46.46981
4	3	2	5	04:30:46.46981
5	4	1	1	04:30:46.46981
6	4	5	1	04:30:46.46981
7	5	5	1	04:30:46.46981
8	5	1	1	04:30:46.46981
9	6	5	2	04:30:46.46981
10	7	2	2	04:30:46.46981
11	8	2	2	04:30:46.46981
12	9	3	2	04:30:46.46981
13	10	1	1	04:30:46.46981
14	11	2	2	04:30:46.46981
15	12	2	1	04:30:46.46981
16	13	2	10	04:30:46.46981
18	15	1	1	04:30:46.46981
21	17	1	1	04:30:46.46981
22	18	2	1	04:30:46.46981
23	18	1	1	04:30:46.46981
24	18	5	1	04:30:46.46981
25	19	2	1	04:30:46.46981
26	20	1	1	04:30:46.46981
27	20	3	1	04:30:46.46981
28	21	2	1	04:30:46.46981
29	22	2	1	04:30:46.46981
30	23	1	1	04:30:46.46981
31	24	2	1	04:30:46.46981
32	25	2	1	04:30:46.46981
33	26	1	1	04:30:46.46981
34	26	1	1	04:30:46.46981
35	27	1	1	04:30:46.46981
36	28	1	1	04:30:46.46981
37	29	2	1	04:30:46.46981
38	30	1	1	04:30:46.46981
39	31	5	5	04:30:46.46981
40	32	2	1	04:30:46.46981
41	32	2	1	04:30:46.46981
42	32	1	1	04:30:46.46981
43	33	1	1	04:30:46.46981
44	34	2	1	04:30:46.46981
45	34	1	1	04:30:46.46981
46	35	1	1	04:30:46.46981
47	35	4	1	04:30:46.46981
48	35	9	1	04:30:46.46981
49	35	11	1	04:30:46.46981
50	35	1	12	04:30:46.46981
51	35	11	15	04:30:46.46981
52	36	4	1	04:30:46.46981
53	36	4	1	04:30:46.46981
54	37	2	3	04:30:46.46981
55	37	1	1	04:30:46.46981
56	37	10	1	04:30:46.46981
57	38	11	5	04:30:46.46981
58	38	12	5	04:30:46.46981
59	38	5	1	04:30:46.46981
60	38	3	4	04:30:46.46981
61	39	4	1	04:30:46.46981
62	39	2	1	04:30:46.46981
63	39	10	1	04:30:46.46981
64	39	12	15	04:30:46.46981
65	39	9	1	04:30:46.46981
66	39	2	15	04:30:46.46981
67	39	9	1	04:30:46.46981
68	39	2	1	04:30:46.46981
69	39	2	1	04:30:46.46981
70	39	2	1	04:30:46.46981
71	39	2	1	04:30:46.46981
72	39	1	1	04:30:46.46981
73	39	10	1	04:30:46.46981
74	39	4	1	04:30:46.46981
75	39	2	1	04:30:46.46981
76	39	9	20	04:30:46.46981
77	39	9	25	04:30:46.46981
78	40	12	1	04:30:46.46981
79	40	1	1	04:30:46.46981
80	40	4	3	04:30:46.46981
81	40	9	1	04:30:46.46981
82	40	7	2	04:30:46.46981
84	42	2	1	04:30:46.46981
85	43	2	4	04:30:46.46981
86	43	1	1	04:30:46.46981
87	43	4	3	04:30:46.46981
88	43	3	1	04:30:46.46981
89	44	12	1	04:30:46.46981
90	44	2	1	04:30:46.46981
91	45	1	1	04:30:46.46981
92	46	1	1	04:30:46.46981
93	46	2	1	04:30:46.46981
94	47	1	1	04:30:46.46981
95	47	2	1	04:30:46.46981
96	47	1	1	04:30:46.46981
97	47	2	1	04:30:46.46981
98	47	2	1	04:30:46.46981
99	48	2	1	04:30:46.46981
100	48	1	1	04:30:46.46981
101	49	1	1	04:30:46.46981
102	50	2	5	04:30:46.46981
103	51	2	1	04:30:46.46981
104	52	1	2	04:30:46.46981
105	52	12	1	04:30:46.46981
106	52	7	1	04:30:46.46981
107	52	5	1	04:30:46.46981
108	53	12	1	04:30:46.46981
109	53	10	1	04:30:46.46981
110	53	4	1	04:30:46.46981
111	53	4	1	04:30:46.46981
112	53	2	1	04:30:46.46981
113	53	2	1	04:30:46.46981
114	53	1	1	04:30:46.46981
115	54	10	1	04:30:46.46981
116	54	12	1	04:30:46.46981
117	55	1	1	04:30:46.46981
118	55	2	1	04:30:46.46981
119	55	2	1	04:30:46.46981
120	55	3	1	04:30:46.46981
121	55	4	1	04:30:46.46981
122	55	8	2	04:30:46.46981
123	55	10	2	04:30:46.46981
124	55	11	1	04:30:46.46981
125	55	12	1	04:30:46.46981
126	56	1	1	04:30:46.46981
127	57	1	1	04:30:46.46981
128	57	1	2	04:30:46.46981
129	57	1	3	04:30:46.46981
130	57	12	3	04:30:46.46981
131	57	2	8	04:30:46.46981
132	57	2	8	04:30:46.46981
133	57	1	1	04:30:46.46981
134	57	2	8	04:30:46.46981
136	59	2	1	04:30:46.46981
137	59	10	1	04:30:46.46981
138	59	10	1	04:30:46.46981
139	59	10	1	04:30:46.46981
140	59	2	1	04:30:46.46981
141	60	2	1	04:30:46.46981
142	60	1	1	04:30:46.46981
143	60	11	1	04:30:46.46981
144	61	1	1	04:30:46.46981
145	62	2	1	04:30:46.46981
146	63	1	1	04:30:46.46981
147	64	1	1	04:30:46.46981
148	65	1	1	04:30:46.46981
149	66	1	1	04:30:46.46981
150	67	1	1	04:30:46.46981
151	68	1	1	04:30:46.46981
152	69	2	1	04:30:46.46981
153	70	2	1	04:30:46.46981
154	70	4	2	04:30:46.46981
155	71	10	1	04:30:46.46981
156	72	1	1	04:30:46.46981
157	73	1	1	04:30:46.46981
158	74	2	1	04:30:46.46981
159	75	1	1	04:30:46.46981
160	76	12	1	04:30:46.46981
161	77	1	1	04:30:46.46981
165	80	2	1	04:30:46.46981
166	80	3	5	04:30:46.46981
167	81	12	1	04:30:46.46981
171	85	13	1	04:30:46.46981
172	86	1	1	04:30:46.46981
173	86	8	1	04:30:46.46981
174	87	2	1	04:30:46.46981
175	88	1	1	04:30:46.46981
176	89	2	1	04:30:46.46981
177	90	1	1	04:30:46.46981
178	91	11	1	04:30:46.46981
179	92	1	1	04:30:46.46981
180	92	1	1	04:30:46.46981
181	92	1	1	04:30:46.46981
182	92	12	1	04:30:46.46981
183	92	1	1	04:30:46.46981
184	92	1	1	04:30:46.46981
185	92	1	1	04:30:46.46981
186	92	11	1	04:30:46.46981
187	92	1	1	04:30:46.46981
188	92	1	1	04:30:46.46981
189	92	2	1	04:30:46.46981
190	92	1	1	04:30:46.46981
191	92	3	1	04:30:46.46981
192	93	13	1	04:30:46.46981
193	94	10	1	04:30:46.46981
194	95	1	3	04:30:46.46981
198	98	4	100	04:30:46.46981
200	100	2	10	04:30:46.46981
201	101	4	5	04:30:46.46981
203	103	8	5	04:30:46.46981
204	104	2	1	04:30:46.46981
205	105	2	2	04:30:46.46981
206	106	1	5	04:30:46.46981
207	107	11	6	04:30:46.46981
208	108	10	5	04:30:46.46981
209	108	8	5	04:30:46.46981
210	109	4	5	04:30:46.46981
211	110	14	5	04:30:46.46981
212	111	5	6	04:30:46.46981
214	113	11	1	04:30:46.46981
215	114	1	5	04:30:46.46981
216	115	15	1	04:30:46.46981
217	116	1	1	04:30:46.46981
218	116	1	1	04:30:46.46981
219	116	2	2	04:30:46.46981
220	116	2	1	04:30:46.46981
221	116	4	1	04:30:46.46981
222	116	5	1	04:30:46.46981
223	117	2	1	04:30:46.46981
224	117	12	2	04:30:46.46981
225	118	2	1	04:30:46.46981
226	118	2	1	04:30:46.46981
227	119	2	1	04:30:46.46981
228	120	3	1	04:30:46.46981
229	121	9	5	04:30:46.46981
230	122	12	2	04:30:46.46981
231	123	7	1	04:30:46.46981
232	124	4	1	04:30:46.46981
233	124	14	2	04:30:46.46981
234	125	2	1	04:30:46.46981
235	125	17	1	04:30:46.46981
236	125	17	1	04:30:46.46981
237	126	1	1	04:30:46.46981
238	127	1	5	04:30:46.46981
239	128	15	1	04:30:46.46981
240	129	1	1	04:30:46.46981
241	130	2	1	04:30:46.46981
242	131	2	1	04:30:46.46981
243	132	7	2	04:30:46.46981
244	133	2	1	04:30:46.46981
245	133	4	1	04:30:46.46981
246	134	2	1	04:30:46.46981
247	134	4	1	04:30:46.46981
248	134	14	1	04:30:46.46981
249	135	4	2	04:30:46.46981
250	135	11	5	04:30:46.46981
251	136	4	5	04:30:46.46981
252	137	15	1	04:30:46.46981
253	138	21	1	04:30:46.46981
254	139	20	1	04:30:46.46981
255	140	12	1	04:30:46.46981
256	141	5	2	04:30:46.46981
257	142	2	1	04:30:46.46981
258	142	1	1	04:30:46.46981
259	143	1	1	04:30:46.46981
260	143	1	1	04:30:46.46981
261	143	2	2	04:30:46.46981
262	143	2	5	04:30:46.46981
263	143	2	1	04:30:46.46981
264	143	11	1	04:30:46.46981
265	143	11	1	04:30:46.46981
266	143	11	2	04:30:46.46981
267	143	11	2	04:30:46.46981
268	144	1	1	04:30:46.46981
269	144	1	1	04:30:46.46981
270	145	2	1	04:30:46.46981
271	146	1	1	04:30:46.46981
274	149	1	1	04:30:46.46981
275	150	1	1	04:30:46.46981
276	151	1	1	04:30:46.46981
277	151	11	1	04:30:46.46981
278	151	20	1	04:30:46.46981
279	151	1	1	04:30:46.46981
280	152	4	1	04:30:46.46981
281	152	10	1	04:30:46.46981
282	153	1	1	04:30:46.46981
283	153	13	1	04:30:46.46981
284	154	11	1	04:30:46.46981
285	155	11	1	04:30:46.46981
286	156	1	1	04:30:46.46981
287	156	2	1	04:30:46.46981
288	156	11	1	04:30:46.46981
289	157	1	1	04:30:46.46981
290	157	1	1	04:30:46.46981
291	158	2	1	04:30:46.46981
292	158	1	1	04:30:46.46981
297	160	1	1	04:30:46.46981
298	160	2	1	04:30:46.46981
299	161	2	1	13:40:00
300	161	2	1	17:00:00
301	162	2	1	20:20:00
302	162	4	1	22:00:00
303	165	2	1	05:39:00
304	165	5	1	05:39:00
305	165	1	1	05:41:00
306	166	1	1	05:45:00
307	166	10	1	05:45:00
308	166	7	1	05:45:00
309	166	13	1	05:45:00
310	166	14	1	05:45:00
311	167	2	1	05:45:00
312	167	1	1	05:45:00
313	167	12	1	05:45:00
314	167	16	1	05:45:00
315	167	9	1	05:45:00
316	167	17	1	05:45:00
317	167	2	1	05:45:00
318	167	1	1	05:50:00
319	167	4	1	05:50:00
320	168	20	1	05:53:00
321	168	5	1	05:53:00
322	169	1	1	05:57:00
323	169	2	1	05:57:00
324	169	4	1	05:57:00
325	170	1	1	06:05:03
326	170	2	1	06:07:10
327	171	12	1	06:08:24
328	171	2	1	06:09:11
329	172	7	1	06:10:46
330	172	2	1	06:18:21
331	173	2	1	06:10:46
332	173	1	1	06:17:52
333	174	1	1	06:19:53
334	174	10	1	06:19:55
335	174	20	1	06:23:31
336	174	18	1	06:25:56
337	174	13	1	06:27:12
338	175	2	1	06:35:38
339	176	20	1	21:09:37
340	177	1	1	21:11:11
366	186	1	1	02:24:49
367	187	15	5	02:25:26
368	188	20	8	02:27:15
370	190	5	1	21:55:08
371	190	10	10	21:55:16
372	191	12	1	22:57:30
373	192	5	1	22:57:46
379	196	2	1	05:31:56
380	196	2	1	05:31:56
381	196	2	1	05:31:57
382	197	2	1	05:36:46
383	197	2	1	05:36:46
384	197	2	1	05:36:48
385	198	2	1	05:36:45
386	199	2	1	05:40:34
387	200	5	1	05:42:00
388	200	5	1	05:42:01
389	200	2	1	05:54:18
390	201	1	1	05:33:03
391	201	1	1	05:33:04
392	201	1	1	05:33:05
393	202	15	1	16:33:27
394	202	15	1	16:38:09
395	203	4	1	02:58:38
396	203	1	2	16:33:49
397	204	2	1	17:48:44
398	205	2	1	02:56:43
399	206	14	5	02:57:11
400	207	25	1	01:21:51
401	208	2	1	23:30:13
402	208	10	10	23:30:11
403	208	5	2	23:30:05
404	209	12	1	23:08:50
405	209	23	2	00:19:05
406	210	14	1	00:19:35
407	211	20	1	00:19:17
408	212	2	1	00:58:15
409	212	2	1	00:58:11
410	212	2	1	00:33:19
411	213	2	1	01:03:47
412	214	2	1	00:58:41
413	215	2	1	01:04:19
414	215	2	1	01:04:18
415	215	1	1	01:04:24
416	216	24	2	01:04:36
417	217	1	1	01:41:30
418	217	2	1	01:41:42
419	218	2	1	01:43:04
420	219	2	1	02:36:44
421	219	10	1	03:01:09
422	219	5	1	03:01:06
423	220	2	1	05:06:12
424	221	2	1	20:36:43
425	221	12	1	20:36:42
428	223	1	1	20:41:56
429	223	1	1	20:42:39
430	223	2	1	20:40:59
431	223	10	1	20:42:23
432	223	23	1	20:41:03
433	223	25	1	20:42:42
434	224	1	1	20:45:18
435	225	1	6	20:45:28
436	226	27	1	20:38:15
437	227	2	1	22:50:21
441	230	2	1	23:07:45
442	230	15	10	23:07:46
443	230	10	1	23:07:48
444	231	2	1	23:21:39
445	231	5	1	23:22:11
446	231	21	1	23:22:14
447	232	2	1	23:50:06
448	232	21	1	23:50:08
449	232	5	1	23:50:10
450	233	5	1	23:51:18
451	234	1	1	23:56:50
452	235	2	2	23:58:24
453	236	2	10	00:07:04
454	237	1	1	00:23:05
455	237	2	1	00:44:34
456	238	1	10	00:49:04
457	239	21	1	00:53:24
458	240	26	1	00:53:42
459	241	1	2	00:53:06
460	242	2	1	01:05:09
461	242	1	1	01:05:12
462	242	15	1	01:05:15
463	243	1	1	01:01:05
464	243	2	1	01:01:03
465	243	2	1	00:59:58
466	243	4	1	01:05:50
467	243	8	1	01:05:34
468	244	1	1	01:14:32
469	244	2	1	01:14:30
470	244	10	2	01:14:33
471	244	25	2	01:27:37
472	245	8	1	23:56:03
473	246	2	2	17:52:53
474	247	2	1	21:08:39
475	247	4	1	21:08:42
476	247	25	2	21:08:44
477	247	27	5	21:10:59
478	247	26	2	21:11:02
479	247	26	4	21:14:46
480	247	4	2	21:14:49
481	247	23	2	21:16:04
482	247	2	1	21:16:06
483	248	2	2	21:18:42
484	248	1	1	21:18:47
485	248	16	2	21:24:10
486	248	22	2	21:24:27
487	249	26	2	21:20:42
488	249	5	1	21:20:56
489	249	1	1	21:21:07
490	250	1	1	21:41:17
491	250	2	1	21:41:18
492	250	5	2	21:41:20
493	250	4	1	21:41:23
494	250	27	1	21:41:25
495	250	4	2	21:41:28
496	250	25	4	21:41:31
497	250	18	2	21:41:36
498	250	15	1	21:41:37
499	250	10	1	21:41:40
500	250	8	1	21:53:00
501	251	1	1	21:46:25
502	251	25	1	21:46:26
503	252	1	1	21:49:17
504	252	5	2	21:49:37
505	252	26	4	21:49:39
506	252	22	1	21:49:41
507	252	1	1	21:49:43
508	252	23	1	21:49:45
509	252	21	1	21:49:47
510	252	16	1	21:49:49
511	252	12	1	21:49:53
512	252	8	1	21:49:54
513	253	1	1	21:51:35
514	253	25	1	21:51:36
515	254	2	1	06:51:39
516	254	1	1	06:51:40
517	254	12	1	06:51:41
518	255	1	1	01:17:17
519	255	2	1	01:17:18
520	255	12	1	01:17:20
521	256	1	1	01:16:45
522	256	2	1	01:16:47
523	256	18	1	01:16:50
524	256	18	1	01:16:53
525	256	12	1	01:16:55
526	256	1	1	01:16:35
527	256	2	1	01:16:37
528	256	1	1	01:16:14
529	256	1	1	01:16:15
530	256	1	1	01:15:48
531	256	5	1	01:15:50
532	256	1	1	01:15:51
533	256	1	1	06:50:48
534	256	12	1	06:50:54
535	256	16	1	06:50:21
536	256	5	1	06:50:16
537	256	4	1	06:50:18
538	256	2	1	06:50:19
539	256	26	1	06:50:00
540	256	2	1	06:49:24
541	256	1	1	06:49:26
542	256	4	1	06:49:27
543	256	8	1	06:49:29
544	256	1	1	06:48:20
545	256	8	2	06:48:44
546	256	21	1	06:49:30
547	256	2	1	06:48:17
548	257	1	1	01:18:54
549	257	2	1	01:18:55
550	257	12	1	01:18:57
551	258	2	1	01:20:43
552	258	16	1	01:20:45
553	258	12	1	01:20:47
554	259	2	1	01:21:11
555	260	1	1	01:39:55
556	261	1	1	01:41:20
557	261	1	1	01:41:18
558	261	2	1	01:41:16
559	261	2	1	01:41:15
560	262	1	1	01:40:41
561	262	2	1	01:40:42
562	263	1	1	01:42:53
563	263	1	1	01:42:33
564	263	2	1	01:37:09
565	264	2	1	01:48:16
566	265	1	1	01:47:38
567	265	5	1	01:48:35
568	265	1	1	01:48:36
569	266	1	1	01:53:24
570	266	2	1	01:53:25
571	267	1	1	01:52:07
572	267	4	1	02:01:43
573	267	4	1	02:05:12
574	267	21	1	02:01:40
575	268	1	1	02:29:58
576	268	16	1	02:30:00
577	268	12	1	02:30:01
578	268	8	1	02:30:02
579	269	1	1	02:31:58
580	269	2	1	02:31:59
581	269	16	1	02:32:02
582	269	8	1	02:32:04
583	270	1	1	02:33:56
584	270	8	1	02:33:57
585	270	12	1	02:33:59
586	271	15	1	02:34:34
587	271	12	1	02:34:35
588	271	1	1	02:34:37
589	272	21	1	02:35:38
590	272	14	1	02:35:41
591	272	4	1	02:35:42
592	273	1	1	02:39:41
593	273	2	1	02:39:42
594	273	21	4	02:39:45
595	273	24	2	02:39:51
596	274	1	1	02:40:53
597	274	2	4	02:40:55
598	274	15	3	02:40:58
599	275	1	2	02:42:30
600	275	21	4	02:42:34
601	275	12	4	02:42:38
602	276	1	2	02:45:37
603	276	2	4	02:45:39
604	276	4	2	02:45:41
605	276	25	7	02:45:45
606	277	1	1	02:49:49
607	277	25	1	02:49:50
608	277	15	4	02:49:53
609	277	8	2	02:49:55
610	278	2	1	02:52:57
611	278	1	1	02:52:58
612	278	27	1	02:53:00
613	278	12	1	02:53:02
614	278	24	1	02:53:08
615	279	25	1	02:53:33
616	279	26	1	02:53:34
617	279	2	1	02:53:36
618	279	1	1	02:53:37
619	280	1	1	02:54:18
620	280	25	1	02:54:21
621	280	26	2	02:54:25
622	280	21	2	02:54:32
623	281	1	1	02:56:46
624	281	5	1	02:56:49
625	282	1	1	03:08:09
626	282	2	1	03:08:10
627	282	12	1	03:08:11
628	282	5	1	03:08:12
629	282	27	1	03:08:13
630	282	25	1	03:08:15
631	282	15	1	03:08:16
632	282	2	1	03:08:17
633	282	23	1	03:08:18
634	282	22	1	03:08:20
635	282	11	1	03:08:21
636	282	20	1	03:08:23
637	282	10	1	03:08:26
638	282	4	1	03:08:28
639	283	1	1	03:08:41
640	284	1	1	03:09:14
641	285	1	1	03:09:31
642	286	1	1	03:13:41
643	286	1	1	03:11:51
644	286	2	1	03:13:39
645	286	2	1	03:13:12
646	286	2	1	03:12:51
647	286	2	1	03:12:08
648	286	2	1	03:11:58
649	286	2	1	03:11:57
650	286	2	1	03:11:57
651	286	2	1	03:11:57
652	286	2	1	03:11:56
653	286	2	1	03:11:56
654	286	2	1	03:11:56
655	286	2	1	03:11:55
656	286	2	1	03:11:55
657	286	2	1	03:11:55
658	286	2	1	03:11:53
659	286	21	1	03:11:54
660	286	25	1	03:13:42
661	287	1	1	04:08:05
662	287	2	1	04:08:37
663	287	18	1	04:08:10
664	287	21	1	04:08:08
665	288	1	3	04:09:22
666	288	21	5	04:09:30
667	289	2	1	04:10:10
668	289	2	1	04:10:10
669	289	2	1	04:10:10
670	289	2	1	04:10:09
671	289	2	1	04:10:09
672	289	2	1	04:10:09
673	289	2	1	04:10:08
674	289	2	1	04:10:08
675	289	2	1	04:10:08
676	289	2	1	04:10:07
677	289	2	1	04:10:07
678	289	2	1	04:10:07
679	289	2	1	04:10:06
680	289	5	1	04:10:01
681	290	1	1	09:43:48
682	290	15	1	09:43:49
683	290	2	1	09:44:30
684	290	10	1	09:44:32
685	290	4	1	09:46:28
686	291	2	1	01:30:44
687	291	1	1	01:30:48
688	291	1	1	01:33:02
689	291	2	1	01:34:48
690	292	1	1	01:41:17
691	292	2	1	01:42:22
692	292	2	1	01:50:39
693	292	2	1	01:51:46
694	292	2	1	01:55:59
695	292	2	1	01:56:00
696	292	2	1	01:56:00
697	292	2	1	01:56:01
698	292	2	1	01:56:01
699	292	2	1	01:56:01
700	292	2	1	01:56:02
701	292	2	1	01:56:02
702	292	2	1	01:56:02
703	292	2	1	01:56:03
704	292	2	1	01:56:03
705	292	2	1	01:56:04
706	292	2	1	01:56:06
707	293	15	1	01:56:47
708	293	1	1	01:57:35
709	293	2	1	01:57:37
710	293	2	1	02:00:15
711	293	1	1	02:00:17
712	293	15	1	02:00:21
713	294	5	1	02:01:31
714	294	1	1	02:01:33
715	295	1	1	02:01:42
716	296	5	2	02:16:24
717	297	2	1	04:19:35
718	298	2	1	05:12:27
719	299	1	1	05:09:54
720	300	2	1	05:09:47
721	301	2	1	05:09:41
722	302	25	1	04:19:40
723	303	2	1	04:19:28
724	304	2	1	02:03:14
725	304	27	2	02:03:26
726	304	2	2	02:38:06
727	304	15	1	02:38:08
728	304	21	1	02:38:09
729	304	2	1	02:38:32
730	304	2	1	02:38:32
731	304	2	1	02:38:32
732	304	2	1	02:38:33
733	304	2	1	02:38:33
734	304	2	1	02:38:33
735	304	2	1	02:38:34
736	304	2	2	02:38:36
737	304	2	1	02:38:36
738	304	2	1	02:38:36
739	304	2	1	02:38:38
740	304	18	1	03:51:55
741	304	1	1	04:04:19
742	304	1	1	04:32:31
743	304	10	1	04:35:08
744	304	2	1	04:19:55
745	304	2	1	04:19:46
746	305	2	1	05:12:44
747	306	1	1	05:15:09
748	307	1	1	05:19:47
749	308	1	1	05:20:20
750	308	1	1	06:29:17
751	308	15	1	06:29:19
752	309	1	1	02:49:33
753	309	15	2	02:49:45
754	310	1	1	02:50:07
755	311	1	1	02:58:43
756	311	2	1	02:58:53
757	312	1	1	02:57:28
758	312	5	1	02:57:54
759	313	1	1	03:17:26
760	313	2	1	03:17:28
761	314	1	1	03:25:45
762	314	2	1	03:25:46
763	314	2	10	03:25:49
764	315	1	1	03:27:49
765	316	1	1	03:48:20
766	316	2	1	03:48:21
767	316	2	1	03:48:46
768	316	15	1	03:48:47
769	316	1	1	03:50:15
770	316	2	1	03:50:16
771	316	21	1	03:50:18
772	316	1	1	03:53:13
773	316	25	1	03:53:14
774	316	10	1	03:53:16
775	316	8	1	03:53:17
776	316	1	1	03:53:51
777	316	2	1	03:53:52
778	316	10	1	03:53:53
779	316	8	1	03:53:54
780	316	10	1	03:54:23
781	316	8	1	03:54:24
782	316	21	1	03:54:26
783	316	1	1	03:54:28
784	316	1	1	03:55:18
785	316	10	1	03:55:19
786	316	8	1	03:55:23
787	316	1	1	03:57:12
788	316	2	1	03:57:14
789	316	10	1	03:57:15
790	316	10	1	03:57:25
791	316	1	1	03:59:00
792	316	1	1	04:01:40
793	316	10	1	04:02:40
794	316	1	1	04:03:35
795	316	1	1	04:05:23
796	316	21	1	04:07:33
797	316	10	1	04:07:58
798	316	1	1	04:09:24
799	316	1	1	04:11:07
800	316	1	1	04:11:16
801	316	2	1	04:11:17
802	316	2	1	04:11:18
803	316	1	1	04:12:42
804	316	1	1	04:13:59
805	316	1	1	04:14:42
806	316	21	1	04:14:43
807	316	21	1	04:14:44
808	316	1	1	04:16:39
809	316	1	1	04:17:31
810	316	21	1	04:17:33
811	316	21	1	04:17:34
812	316	1	1	04:19:41
813	316	21	1	04:19:42
814	316	21	1	04:19:43
815	316	1	1	04:20:56
816	316	2	1	04:20:57
817	316	10	1	04:20:58
818	316	9	1	04:20:59
819	317	1	1	04:32:56
820	317	21	1	04:32:57
821	317	21	1	04:32:58
822	318	1	1	04:36:17
823	318	2	1	04:36:19
824	318	21	1	04:36:20
825	319	2	1	04:37:47
826	319	21	1	04:37:48
827	320	1	1	04:39:48
828	320	21	2	04:39:50
829	321	1	1	04:41:20
830	321	21	1	04:41:31
831	321	1	1	04:41:32
832	322	1	1	04:42:49
833	322	2	1	04:42:51
834	322	21	1	04:42:52
835	323	1	1	04:45:15
836	323	21	1	04:45:22
837	323	16	1	04:45:24
838	323	2	1	04:45:48
839	323	2	1	04:45:48
840	323	2	1	04:45:49
841	323	2	1	04:45:50
842	323	1	1	04:45:57
843	323	2	1	04:46:04
844	323	2	1	04:46:05
845	323	2	1	04:46:43
846	323	2	1	04:47:08
847	323	2	1	04:47:09
848	323	2	1	04:47:10
849	324	1	1	04:53:08
850	324	1	1	04:51:27
851	324	1	1	04:51:19
852	324	1	1	04:50:19
853	324	1	1	04:49:50
854	324	2	1	04:56:35
855	324	2	1	04:56:14
856	324	2	1	04:56:14
857	324	2	1	04:56:06
858	324	2	1	04:54:53
859	324	2	1	04:54:52
860	324	2	1	04:54:46
861	324	2	1	04:54:45
862	324	2	1	04:54:44
863	324	2	1	04:54:36
864	324	2	1	04:53:17
865	324	2	1	04:53:16
866	324	2	1	04:51:38
867	324	2	1	04:51:28
868	324	2	1	04:50:37
869	324	2	1	04:50:20
870	324	10	1	04:56:41
871	324	5	1	04:56:38
872	324	21	1	04:56:36
873	325	1	1	04:57:44
874	325	2	1	04:57:56
875	325	2	1	04:57:55
876	325	2	1	04:58:24
877	325	2	1	04:58:23
878	325	2	1	04:58:22
879	329	1	1	12:19:44
880	329	2	1	12:19:45
881	329	12	1	12:19:51
882	329	21	1	12:19:47
883	330	1	1	12:26:07
884	330	21	1	12:26:05
885	331	1	1	12:35:19
886	331	1	1	12:34:31
887	331	1	1	12:33:32
888	331	1	1	12:32:30
889	331	1	1	12:30:30
890	331	1	1	12:30:29
891	331	1	1	12:30:17
892	331	1	1	12:29:26
893	331	1	1	12:28:22
894	331	1	1	12:28:21
895	331	2	1	12:36:27
896	331	2	1	12:36:24
897	331	2	1	12:36:24
898	331	2	1	12:36:24
899	331	21	1	12:35:21
900	331	21	1	12:35:20
901	331	21	1	12:34:33
902	331	21	1	12:34:32
903	331	21	1	12:33:34
904	331	21	1	12:33:33
905	331	21	1	12:32:32
906	331	21	1	12:32:31
907	332	2	1	12:37:15
908	332	2	1	12:37:16
909	332	2	1	12:37:17
910	332	21	1	12:37:18
911	332	5	1	12:37:20
912	333	5	1	12:41:46
913	334	2	1	12:39:11
914	335	2	1	12:43:07
915	336	2	1	12:44:58
916	336	1	1	12:45:01
917	336	26	1	12:45:06
918	337	1	1	13:19:39
919	337	30	1	13:19:44
920	338	1	1	13:49:01
921	338	1	10	13:48:34
922	338	1	1	13:47:53
923	338	2	1	13:47:55
924	338	8	100	13:48:45
925	338	16	99	13:48:52
926	338	5	100	13:48:40
927	339	2	1	13:50:40
928	339	1	1	13:50:41
929	340	1	1	13:55:57
930	341	1	1	22:49:38
931	341	5	1	22:49:40
932	342	1	1	22:47:14
933	342	1	2	22:46:25
934	342	20	2	22:47:02
935	343	1	1	22:58:08
936	344	1	1	23:01:33
937	344	2	1	23:01:23
938	344	2	1	23:01:23
939	344	2	1	23:01:23
940	344	2	1	23:01:22
941	344	2	1	23:01:22
942	344	2	1	23:01:22
943	344	2	1	23:01:21
944	344	2	1	23:01:21
945	344	2	1	23:01:21
946	344	2	1	23:01:20
947	344	2	1	23:01:20
948	344	2	1	23:01:19
949	344	2	1	23:01:19
950	344	2	1	23:01:19
951	344	2	1	23:01:18
952	344	2	1	23:01:18
953	344	2	1	23:01:18
954	344	2	1	23:01:17
955	344	2	1	23:01:17
956	344	2	1	23:01:17
957	344	2	1	23:01:16
958	344	2	1	23:01:16
959	345	1	1	17:26:25
960	345	2	1	17:25:58
961	345	15	1	17:26:01
962	345	26	2	17:26:28
963	346	1	1	17:56:19
964	346	1	1	17:55:52
965	346	1	1	17:54:20
966	346	21	1	17:56:22
967	347	1	1	17:58:00
968	347	1	1	17:58:13
969	348	1	1	18:00:46
970	348	1	1	18:02:48
971	349	2	1	18:04:46
972	349	1	1	18:05:15
973	350	1	1	18:31:52
974	351	1	1	18:36:06
975	351	8	1	18:36:09
982	355	20	15	19:48:20
983	356	1	1	20:53:42
984	356	25	1	20:53:44
985	357	1	1	21:10:22
986	357	1	1	21:07:39
987	357	2	1	21:10:21
988	357	2	1	21:07:40
989	357	10	1	21:10:24
990	357	10	1	21:07:44
991	357	5	1	21:10:23
992	357	20	1	21:10:26
993	357	21	1	21:10:28
994	357	21	1	21:07:42
995	358	1	1	21:13:50
996	358	1	1	21:12:42
997	358	1	1	21:12:35
998	358	2	1	21:13:54
999	358	2	1	21:12:44
1000	358	16	1	21:12:57
1001	358	18	1	21:14:01
1002	358	18	1	21:13:00
1003	358	20	1	21:13:59
1004	358	21	1	21:13:56
1005	358	21	1	21:12:55
1006	358	21	1	21:12:46
1007	358	25	1	21:13:52
1008	359	2	1	21:16:05
1009	359	2	1	21:16:02
1010	359	34	1	21:16:07
1011	360	1	1	21:19:30
1012	360	1	1	21:18:47
1013	360	2	1	21:34:22
1014	360	34	1	21:20:44
1015	360	34	1	21:20:22
1016	360	34	1	21:20:00
1027	362	1	1	21:57:46
1028	362	2	1	21:57:49
1029	362	20	1	21:57:54
1030	362	8	1	21:57:51
1031	362	30	1	22:24:03
1032	362	29	1	22:24:05
1033	362	34	1	22:24:08
1034	363	1	1	22:24:17
1035	364	1	2	22:25:15
1036	364	4	1	22:25:18
1037	364	17	1	22:26:17
1038	364	20	1	22:25:26
1039	364	21	1	22:25:25
1040	364	11	2	22:26:09
1041	364	8	2	22:25:31
1042	365	1	1	15:29:19
1043	365	2	1	15:29:21
1044	366	1	1	15:31:21
1045	366	18	1	15:31:19
1046	366	21	1	15:31:17
1047	367	1	1	15:31:32
1048	367	5	1	15:31:33
1049	367	8	1	15:31:35
1050	367	2	1	15:31:37
1051	367	12	1	15:31:39
1052	368	1	1	15:33:45
1053	368	2	1	15:33:46
1054	368	8	1	15:33:47
1055	368	10	1	15:33:48
1056	368	12	1	15:33:49
1057	368	14	5	15:33:52
1058	369	1	1	15:35:15
1059	369	25	1	15:35:16
1060	369	26	1	15:35:17
1061	369	8	1	15:35:18
1062	369	10	1	15:35:20
1063	370	2	1	15:39:28
1064	370	2	1	15:39:19
1065	370	8	1	15:39:24
1066	371	2	1	15:40:45
1067	372	1	1	15:47:42
1068	372	5	1	15:47:44
1069	372	8	1	15:47:45
1070	372	10	1	15:47:47
1071	373	1	1	15:48:15
1072	373	2	1	15:48:17
1073	373	10	1	15:48:18
1074	373	8	1	15:48:19
1075	374	1	1	15:50:48
1076	374	8	1	15:50:49
1077	374	10	1	15:50:51
1078	374	2	1	15:50:52
1079	374	5	1	15:50:53
1080	374	4	1	15:50:55
1081	375	1	1	15:51:09
1082	375	2	1	15:53:06
1083	376	2	1	15:54:20
1084	376	2	1	15:54:19
1085	377	2	1	15:54:52
1086	377	1	1	15:54:57
1087	378	1	1	15:55:10
1088	379	1	1	15:58:00
1089	379	2	1	15:58:01
1090	379	10	1	15:58:02
1091	380	2	1	15:58:11
1092	380	2	1	15:58:12
1093	380	8	1	15:58:13
1094	380	10	1	15:58:14
1095	381	2	1	15:58:33
1096	381	2	1	15:58:32
1097	382	2	1	16:01:19
1098	382	2	2	16:01:21
1099	382	5	1	16:01:22
1100	382	8	1	16:01:24
1101	382	10	1	16:01:25
1102	383	25	1	16:01:37
1103	383	4	1	16:01:39
1104	383	26	1	16:01:40
1105	383	8	1	16:01:41
1106	384	27	1	16:01:57
1107	384	12	1	16:01:58
1108	384	14	5	16:02:01
1109	385	1	1	16:02:19
1110	385	8	1	16:02:20
1111	386	1	1	16:02:16
1112	387	1	10	16:03:56
1113	388	40	1	16:09:06
1114	389	8	1	16:09:16
1115	390	2	1	16:11:35
1116	391	1	1	16:11:21
1117	392	42	1	16:14:58
1118	392	41	5	16:15:00
1119	393	1	1	23:30:17
1120	393	30	1	10:22:36
1121	394	1	100	10:53:43
1122	394	1	10	10:48:13
1123	395	1	1	11:04:34
1124	395	21	8	11:04:39
1125	396	1	1	11:06:34
1126	396	2	1	11:06:36
1127	397	1	1	11:17:13
1128	398	27	1	11:18:35
1129	398	2	1	11:19:30
1130	398	1	1	11:45:50
1131	398	2	1	11:45:52
1132	398	21	1	11:45:53
1133	399	1	1	12:14:39
1134	399	1	1	12:11:59
1135	399	1	1	12:11:21
1136	399	1	1	12:10:57
1137	399	1	1	12:08:28
1138	399	1	1	11:54:19
1139	399	1	1	11:53:29
1140	399	1	1	11:52:39
1141	399	1	1	11:51:39
1142	400	1	1	12:35:26
1143	400	1	1	12:25:55
1144	400	2	1	12:35:22
1145	400	21	1	12:25:58
1146	400	42	1	12:25:56
1147	400	10	1	12:36:02
1148	400	1	1	12:36:03
1149	401	1	1	15:41:03
1150	401	1	1	15:35:14
1151	401	1	1	15:35:03
1152	401	21	1	15:41:05
1153	401	21	1	15:35:16
1154	402	1	1	15:41:26
1155	403	1	1	15:44:48
1156	403	1	1	15:44:04
1157	403	2	1	15:45:10
1158	403	21	1	15:44:49
1159	403	21	1	15:44:06
1160	403	27	1	15:45:17
1161	404	42	2	15:46:02
1162	405	1	1	15:47:55
1163	406	2	1	15:47:32
1164	406	4	1	15:45:55
1165	406	26	2	15:45:50
1166	407	1	1	15:51:44
1167	407	1	1	15:53:45
1168	407	1	1	15:53:26
1169	407	21	1	15:52:33
1170	407	27	1	15:53:46
1171	407	22	1	15:53:47
1172	407	30	1	15:50:38
1173	408	1	1	18:10:02
1174	408	1	1	18:08:45
1175	408	5	1	18:09:55
1176	408	20	1	18:10:06
1177	408	21	1	18:10:05
1178	408	21	1	18:08:48
1179	408	27	1	18:10:04
1180	408	40	1	18:10:14
1181	408	5	1	18:10:16
1182	408	12	1	18:10:18
1183	409	1	1	18:09:07
1184	409	1	1	15:55:12
1185	409	27	1	18:10:49
1186	409	15	1	15:52:53
1187	409	40	1	18:10:42
1188	410	1	1	18:17:37
1189	410	21	1	18:17:40
1190	410	1	1	18:17:42
1191	411	27	1	18:17:49
1192	411	21	1	18:17:50
1193	411	20	1	18:17:51
1194	411	10	1	18:17:53
1195	411	2	1	18:17:54
1196	412	1	1	18:19:00
1197	412	25	1	18:19:01
1198	412	10	1	18:19:22
1199	413	1	1	18:19:41
1200	413	25	1	18:19:43
1201	413	10	1	18:19:44
1202	414	1	1	18:32:27
1203	414	1	1	18:32:24
1204	414	42	1	18:32:26
1205	414	2	1	18:32:34
1206	414	25	1	18:32:35
1207	414	10	1	18:32:38
1208	415	2	1	18:32:46
1209	415	1	1	18:32:47
1210	415	25	1	18:32:48
1211	415	42	1	18:32:50
1212	415	20	1	18:32:53
1213	416	1	1	18:44:30
1214	416	42	1	18:44:31
1215	416	8	1	18:44:33
1216	417	1	1	18:33:22
1217	417	27	1	18:34:19
1218	417	2	1	18:44:42
1219	417	2	1	18:44:43
1220	417	2	1	18:44:44
1221	417	42	1	18:44:46
1222	417	20	1	18:44:48
1223	418	1	1	18:45:14
1224	419	8	1	18:45:27
1225	419	1	1	18:45:29
1226	419	2	1	18:45:31
1227	420	1	1	18:45:40
1228	420	2	1	18:45:45
1229	420	10	1	18:45:51
1230	421	1	1	18:54:07
1231	421	1	1	18:54:06
1232	421	1	1	18:53:53
1233	421	5	1	18:54:07
1234	421	8	1	18:54:09
1235	422	1	10	19:01:03
1236	422	1	1	18:56:32
1237	423	21	1	18:57:30
1238	424	1	1	20:12:23
1239	424	1	10	19:02:43
1240	424	2	1	21:58:40
1241	424	10	1	21:58:41
1242	425	5	1	21:59:23
1243	425	10	1	21:59:25
1244	426	2	1	21:59:18
1245	426	2	1	21:58:54
1246	426	1	1	22:03:55
1247	426	16	1	22:03:59
1248	427	2	1	22:05:59
1249	427	2	1	22:05:05
1250	427	2	1	22:04:36
1251	427	2	1	22:04:15
1252	428	1	1	22:14:08
1253	428	10	1	22:14:09
1254	429	1	1	01:14:35
1255	430	1	1	01:07:20
1256	430	5	1	01:24:53
1257	431	1	1	01:44:02
1258	431	2	1	01:44:02
1259	432	1	1	01:59:28
1260	432	2	1	01:59:30
1262	433	1	1	02:07:08
1263	433	2	1	02:07:10
1264	434	1	1	10:49:46
1265	434	25	1	10:49:47
1267	435	1	1	11:04:18
1268	435	2	1	11:04:19
1269	435	5	1	11:04:26
1270	436	1	1	17:02:18
1271	436	2	1	17:02:20
1272	436	10	1	17:02:23
1273	436	10	1	17:02:33
1274	437	1	1	17:03:18
1275	437	21	1	17:04:26
1276	438	5	1	17:06:16
1277	438	1	1	17:06:17
1278	438	25	1	17:06:18
1279	439	1	1	17:50:25
1280	440	1	1	18:26:49
1281	440	2	1	18:26:51
1282	441	27	1	18:26:55
1283	441	15	1	18:26:57
1284	442	1	12	18:27:39
1285	442	21	5	18:27:42
1286	442	4	1	18:27:50
1287	443	1	1	01:35:39
1288	443	2	1	01:35:46
1289	443	40	1	01:36:01
1290	444	1	1	01:39:41
1291	445	1	1	02:51:03
1292	445	2	1	02:51:05
1293	446	1	1	02:59:24
1294	446	2	1	02:59:25
1295	447	1	1	03:01:49
1296	447	2	1	03:01:50
1297	448	1	1	03:07:08
1298	448	1	1	03:08:32
1299	448	1	1	03:06:35
1300	448	2	1	03:10:21
1301	448	21	1	03:10:19
1302	448	21	1	03:09:09
1303	448	21	1	03:07:11
1304	448	21	1	03:08:33
1305	448	21	1	03:06:38
1306	449	1	1	03:13:21
1307	449	21	1	03:13:23
1308	449	27	1	03:13:46
1309	449	2	1	03:13:47
1310	450	1	1	03:14:18
1311	450	21	1	03:14:24
1312	451	2	1	19:29:41
1313	451	10	1	19:29:42
1314	451	1	1	19:29:44
1315	452	27	1	19:30:01
1316	452	2	1	19:30:02
1317	452	10	1	19:30:04
1318	453	44	1	20:00:29
1319	454	1	1	22:25:01
1320	454	2	1	22:25:06
1321	454	21	1	22:25:07
1322	455	1	1	22:25:17
1323	455	2	1	22:25:24
1324	455	21	1	22:25:25
1325	456	2	1	22:25:42
1326	457	1	3	22:27:03
1327	457	2	1	22:27:58
1328	457	21	1	22:28:02
1329	458	1	1	15:39:24
1330	458	1	1	15:39:04
1331	459	1	1	18:30:35
1332	459	5	1	18:30:43
1333	460	1	1	15:08:32
1334	460	26	1	15:08:35
1335	461	1	1	15:15:57
1336	461	4	1	15:16:04
1337	461	26	2	15:16:07
1338	462	1	1	15:11:24
1339	462	5	1	15:11:22
1340	462	22	1	15:11:29
1341	463	1	1	15:12:03
1342	463	4	1	15:11:44
1343	463	27	1	15:11:41
1344	463	12	1	15:11:49
\.


--
-- Data for Name: tipartikl; Type: TABLE DATA; Schema: public; Owner: postgres
--

COPY public.tipartikl (id, tip) FROM stdin;
1	shank
2	kujna
\.


--
-- Data for Name: tipsmetka; Type: TABLE DATA; Schema: public; Owner: postgres
--

COPY public.tipsmetka (id, tip) FROM stdin;
1	фискална
2	фактура
3	картичка
4	сторно
\.


--
-- Data for Name: tipvraboten; Type: TABLE DATA; Schema: public; Owner: postgres
--

COPY public.tipvraboten (id, tip) FROM stdin;
1	admin
2	келнер
3	шанкер
\.


--
-- Data for Name: vraboten; Type: TABLE DATA; Schema: public; Owner: postgres
--

COPY public.vraboten (shifra, ime, tip) FROM stdin;
235	Админ	1
555	Трајче	2
222	Бале	2
\.


--
-- Name: artikl_id_seq; Type: SEQUENCE SET; Schema: public; Owner: postgres
--

SELECT pg_catalog.setval('public.artikl_id_seq', 45, true);


--
-- Name: izbrihani_id_seq; Type: SEQUENCE SET; Schema: public; Owner: postgres
--

SELECT pg_catalog.setval('public.izbrihani_id_seq', 172, true);


--
-- Name: naracka_id_seq; Type: SEQUENCE SET; Schema: public; Owner: postgres
--

SELECT pg_catalog.setval('public.naracka_id_seq', 687, true);


--
-- Name: prefrluvanje_id_seq; Type: SEQUENCE SET; Schema: public; Owner: postgres
--

SELECT pg_catalog.setval('public.prefrluvanje_id_seq', 6, true);


--
-- Name: smetka_id_seq; Type: SEQUENCE SET; Schema: public; Owner: postgres
--

SELECT pg_catalog.setval('public.smetka_id_seq', 463, true);


--
-- Name: stavkanaracka_id_seq; Type: SEQUENCE SET; Schema: public; Owner: postgres
--

SELECT pg_catalog.setval('public.stavkanaracka_id_seq', 1869, true);


--
-- Name: stavkanasmetka_id_seq; Type: SEQUENCE SET; Schema: public; Owner: postgres
--

SELECT pg_catalog.setval('public.stavkanasmetka_id_seq', 1344, true);


--
-- Name: tipartikl_id_seq; Type: SEQUENCE SET; Schema: public; Owner: postgres
--

SELECT pg_catalog.setval('public.tipartikl_id_seq', 2, true);


--
-- Name: tipsmetka_id_seq; Type: SEQUENCE SET; Schema: public; Owner: postgres
--

SELECT pg_catalog.setval('public.tipsmetka_id_seq', 4, true);


--
-- Name: tipvraboten_id_seq; Type: SEQUENCE SET; Schema: public; Owner: postgres
--

SELECT pg_catalog.setval('public.tipvraboten_id_seq', 3, true);


--
-- Name: vraboten_shifra_seq; Type: SEQUENCE SET; Schema: public; Owner: postgres
--

SELECT pg_catalog.setval('public.vraboten_shifra_seq', 1, false);


--
-- Name: artikl artikl_pkey; Type: CONSTRAINT; Schema: public; Owner: postgres
--

ALTER TABLE ONLY public.artikl
    ADD CONSTRAINT artikl_pkey PRIMARY KEY (id);


--
-- Name: izbrishani izbrihani_pkey; Type: CONSTRAINT; Schema: public; Owner: postgres
--

ALTER TABLE ONLY public.izbrishani
    ADD CONSTRAINT izbrihani_pkey PRIMARY KEY (id);


--
-- Name: naracka naracka_pkey; Type: CONSTRAINT; Schema: public; Owner: postgres
--

ALTER TABLE ONLY public.naracka
    ADD CONSTRAINT naracka_pkey PRIMARY KEY (id);


--
-- Name: prefrluvanje prefrluvanje_pkey; Type: CONSTRAINT; Schema: public; Owner: postgres
--

ALTER TABLE ONLY public.prefrluvanje
    ADD CONSTRAINT prefrluvanje_pkey PRIMARY KEY (id);


--
-- Name: smetka smetka_pkey; Type: CONSTRAINT; Schema: public; Owner: postgres
--

ALTER TABLE ONLY public.smetka
    ADD CONSTRAINT smetka_pkey PRIMARY KEY (id);


--
-- Name: stavkanaracka stavkanaracka_pkey; Type: CONSTRAINT; Schema: public; Owner: postgres
--

ALTER TABLE ONLY public.stavkanaracka
    ADD CONSTRAINT stavkanaracka_pkey PRIMARY KEY (id);


--
-- Name: stavkanasmetka stavkanasmetka_pkey; Type: CONSTRAINT; Schema: public; Owner: postgres
--

ALTER TABLE ONLY public.stavkanasmetka
    ADD CONSTRAINT stavkanasmetka_pkey PRIMARY KEY (id);


--
-- Name: tipartikl tipartikl_pkey; Type: CONSTRAINT; Schema: public; Owner: postgres
--

ALTER TABLE ONLY public.tipartikl
    ADD CONSTRAINT tipartikl_pkey PRIMARY KEY (id);


--
-- Name: tipsmetka tipsmetka_pkey; Type: CONSTRAINT; Schema: public; Owner: postgres
--

ALTER TABLE ONLY public.tipsmetka
    ADD CONSTRAINT tipsmetka_pkey PRIMARY KEY (id);


--
-- Name: tipvraboten tipvraboten_pkey; Type: CONSTRAINT; Schema: public; Owner: postgres
--

ALTER TABLE ONLY public.tipvraboten
    ADD CONSTRAINT tipvraboten_pkey PRIMARY KEY (id);


--
-- Name: vraboten vraboten_pkey; Type: CONSTRAINT; Schema: public; Owner: postgres
--

ALTER TABLE ONLY public.vraboten
    ADD CONSTRAINT vraboten_pkey PRIMARY KEY (shifra);


--
-- Name: artikl artikl_tip_fkey; Type: FK CONSTRAINT; Schema: public; Owner: postgres
--

ALTER TABLE ONLY public.artikl
    ADD CONSTRAINT artikl_tip_fkey FOREIGN KEY (tip) REFERENCES public.tipartikl(id);


--
-- Name: izbrishani constraint_name; Type: FK CONSTRAINT; Schema: public; Owner: postgres
--

ALTER TABLE ONLY public.izbrishani
    ADD CONSTRAINT constraint_name FOREIGN KEY (artiklid) REFERENCES public.artikl(id) ON UPDATE CASCADE ON DELETE SET NULL;


--
-- Name: izbrishani izbrihani_vrabotenshifra_fkey; Type: FK CONSTRAINT; Schema: public; Owner: postgres
--

ALTER TABLE ONLY public.izbrishani
    ADD CONSTRAINT izbrihani_vrabotenshifra_fkey FOREIGN KEY (vrabotenshifra) REFERENCES public.vraboten(shifra) ON UPDATE CASCADE ON DELETE SET NULL;


--
-- Name: naracka naracka_vrabotenshifra_fkey; Type: FK CONSTRAINT; Schema: public; Owner: postgres
--

ALTER TABLE ONLY public.naracka
    ADD CONSTRAINT naracka_vrabotenshifra_fkey FOREIGN KEY (vrabotenshifra) REFERENCES public.vraboten(shifra) ON UPDATE CASCADE ON DELETE SET NULL;


--
-- Name: prefrluvanje prefrluvanje_employeeid_fkey; Type: FK CONSTRAINT; Schema: public; Owner: postgres
--

ALTER TABLE ONLY public.prefrluvanje
    ADD CONSTRAINT prefrluvanje_employeeid_fkey FOREIGN KEY (employeeid) REFERENCES public.vraboten(shifra) ON UPDATE CASCADE ON DELETE CASCADE;


--
-- Name: prefrluvanje prefrluvanje_newemployeeid_fkey; Type: FK CONSTRAINT; Schema: public; Owner: postgres
--

ALTER TABLE ONLY public.prefrluvanje
    ADD CONSTRAINT prefrluvanje_newemployeeid_fkey FOREIGN KEY (newemployeeid) REFERENCES public.vraboten(shifra) ON UPDATE CASCADE ON DELETE CASCADE;


--
-- Name: smetka smetka_tip_fkey; Type: FK CONSTRAINT; Schema: public; Owner: postgres
--

ALTER TABLE ONLY public.smetka
    ADD CONSTRAINT smetka_tip_fkey FOREIGN KEY (tip) REFERENCES public.tipsmetka(id);


--
-- Name: smetka smetka_vrabotenshifra_fkey; Type: FK CONSTRAINT; Schema: public; Owner: postgres
--

ALTER TABLE ONLY public.smetka
    ADD CONSTRAINT smetka_vrabotenshifra_fkey FOREIGN KEY (vrabotenshifra) REFERENCES public.vraboten(shifra) ON UPDATE CASCADE ON DELETE SET NULL;


--
-- Name: stavkanaracka stavkanaracka_artiklid_fkey; Type: FK CONSTRAINT; Schema: public; Owner: postgres
--

ALTER TABLE ONLY public.stavkanaracka
    ADD CONSTRAINT stavkanaracka_artiklid_fkey FOREIGN KEY (artiklid) REFERENCES public.artikl(id) ON UPDATE CASCADE ON DELETE RESTRICT;


--
-- Name: stavkanaracka stavkanaracka_narackaid_fkey; Type: FK CONSTRAINT; Schema: public; Owner: postgres
--

ALTER TABLE ONLY public.stavkanaracka
    ADD CONSTRAINT stavkanaracka_narackaid_fkey FOREIGN KEY (narackaid) REFERENCES public.naracka(id) ON DELETE CASCADE;


--
-- Name: stavkanasmetka stavkanasmetka_artiklid_fkey; Type: FK CONSTRAINT; Schema: public; Owner: postgres
--

ALTER TABLE ONLY public.stavkanasmetka
    ADD CONSTRAINT stavkanasmetka_artiklid_fkey FOREIGN KEY (artiklid) REFERENCES public.artikl(id) ON UPDATE CASCADE ON DELETE RESTRICT;


--
-- Name: stavkanasmetka stavkanasmetka_smetkaid_fkey; Type: FK CONSTRAINT; Schema: public; Owner: postgres
--

ALTER TABLE ONLY public.stavkanasmetka
    ADD CONSTRAINT stavkanasmetka_smetkaid_fkey FOREIGN KEY (smetkaid) REFERENCES public.smetka(id) ON DELETE CASCADE;


--
-- Name: vraboten vraboten_tip_fkey; Type: FK CONSTRAINT; Schema: public; Owner: postgres
--

ALTER TABLE ONLY public.vraboten
    ADD CONSTRAINT vraboten_tip_fkey FOREIGN KEY (tip) REFERENCES public.tipvraboten(id);


--
-- PostgreSQL database dump complete
--

